{"cpu_usage": [[1706093380.0757413, 7.4], [1706093381.0794935, 12.5], [1706093382.083394, 20.3], [1706093383.087634, 23.1], [1706093384.091859, 17.2], [1706093385.095686, 12.8], [1706093386.0999138, 10.6], [1706093387.10415, 6.0], [1706093388.108034, 6.6], [1706093389.1120265, 11.2], [1706093390.1171763, 8.3], [1706093391.120897, 10.9], [1706093392.1254416, 14.3], [1706093393.1299455, 18.1], [1706093394.1341944, 11.6], [1706093395.1380768, 8.9], [1706093396.1419573, 8.5], [1706093397.1460938, 6.7], [1706093398.1509297, 25.3], [1706093399.1553135, 14.2], [1706093400.1597514, 27.8], [1706093401.1637807, 19.8], [1706093402.1679304, 21.5], [1706093403.1725397, 25.7], [1706093404.177276, 18.5], [1706093405.1812935, 18.0], [1706093406.1860602, 16.7], [1706093407.1904798, 17.1], [1706093408.194912, 16.4], [1706093409.1994863, 16.2], [1706093410.2078462, 31.5], [1706093411.212347, 46.7], [1706093412.216407, 35.0], [1706093413.2207441, 32.0], [1706093414.2254868, 30.5], [1706093415.2306485, 21.6], [1706093416.2353, 50.3], [1706093417.2405994, 57.8], [1706093418.2456803, 60.7], [1706093419.2519507, 66.6], [1706093420.2578812, 45.2], [1706093421.2620165, 33.0], [1706093422.2680507, 32.9], [1706093423.2728438, 27.2], [1706093424.2766523, 24.7], [1706093425.2805789, 29.0], [1706093426.2851405, 25.8], [1706093427.2896228, 21.3], [1706093428.2939444, 21.0], [1706093429.298044, 19.6], [1706093430.303231, 21.7], [1706093431.3082712, 25.0], [1706093432.3124566, 31.7], [1706093433.316424, 24.8], [1706093434.3203962, 23.1], [1706093435.3246841, 21.1], [1706093436.3296328, 20.5], [1706093437.3339014, 20.6], [1706093438.3380642, 19.5], [1706093439.3422089, 19.3], [1706093440.3476892, 21.7], [1706093441.3520334, 22.0], [1706093442.3563602, 18.9], [1706093443.3604403, 15.9], [1706093444.3645003, 14.3], [1706093445.3692827, 13.3], [1706093446.3734488, 10.1], [1706093447.3799953, 9.6], [1706093448.3878496, 9.8], [1706093449.3972995, 8.2], [1706093450.405444, 12.2], [1706093451.414876, 11.5], [1706093452.422409, 7.8], [1706093453.4322128, 9.8], [1706093454.4393268, 11.1], [1706093455.4448295, 19.9], [1706093456.448568, 15.2], [1706093457.4533095, 17.8], [1706093458.4574926, 11.7], [1706093459.4615896, 11.0], [1706093460.468234, 12.1], [1706093461.4725516, 10.6], [1706093462.4763784, 8.3]], "memory_usage": [[1706093380.0759377, 23.4], [1706093381.0794935, 23.4], [1706093382.0836062, 23.4], [1706093383.087634, 23.4], [1706093384.091859, 23.3], [1706093385.095686, 23.2], [1706093386.0999138, 23.1], [1706093387.10415, 23.1], [1706093388.108034, 23.0], [1706093389.1120265, 22.9], [1706093390.1171763, 22.9], [1706093391.120897, 23.0], [1706093392.1254416, 23.9], [1706093393.1299455, 24.1], [1706093394.1341944, 24.6], [1706093395.1380768, 25.0], [1706093396.1419573, 25.2], [1706093397.1460938, 25.3], [1706093398.1509297, 25.7], [1706093399.1553135, 26.4], [1706093400.1598182, 26.7], [1706093401.1637807, 27.4], [1706093402.1681025, 27.8], [1706093403.1725397, 27.8], [1706093404.177407, 27.9], [1706093405.1812935, 28.0], [1706093406.1862705, 28.1], [1706093407.1904798, 28.1], [1706093408.194912, 28.1], [1706093409.1994863, 28.1], [1706093410.2080054, 29.7], [1706093411.212347, 30.9], [1706093412.216407, 31.5], [1706093413.2207441, 32.3], [1706093414.2254868, 33.1], [1706093415.2306485, 33.5], [1706093416.2354846, 34.7], [1706093417.240906, 35.5], [1706093418.2461116, 37.6], [1706093419.2519507, 37.6], [1706093420.2578812, 37.7], [1706093421.2620165, 38.1], [1706093422.2680507, 37.9], [1706093423.2728438, 37.7], [1706093424.276837, 37.5], [1706093425.2805789, 37.8], [1706093426.2851405, 37.7], [1706093427.2896228, 37.7], [1706093428.2939444, 37.7], [1706093429.298044, 37.9], [1706093430.303231, 38.0], [1706093431.3082712, 38.1], [1706093432.3124566, 38.1], [1706093433.316424, 38.4], [1706093434.3203962, 38.6], [1706093435.3246841, 38.7], [1706093436.3296328, 39.1], [1706093437.333973, 40.0], [1706093438.3380642, 39.8], [1706093439.3422089, 39.8], [1706093440.3479757, 40.0], [1706093441.3520334, 40.2], [1706093442.3563602, 40.1], [1706093443.3604403, 40.1], [1706093444.3645003, 40.4], [1706093445.3692827, 40.3], [1706093446.373685, 40.3], [1706093447.3799953, 40.2], [1706093448.3878496, 40.2], [1706093449.3972995, 40.1], [1706093450.4064496, 40.1], [1706093451.414876, 40.0], [1706093452.4227548, 40.0], [1706093453.4322128, 40.0], [1706093454.4393268, 40.0], [1706093455.4448295, 39.2], [1706093456.448568, 39.0], [1706093457.4533095, 28.8], [1706093458.4574926, 28.8], [1706093459.4615896, 29.3], [1706093460.468234, 29.3], [1706093461.4725516, 28.9], [1706093462.4763784, 28.8]]}