{"cpu_usage": [[1706103579.0634212, 3.4], [1706103580.0681238, 15.7], [1706103581.072715, 9.9], [1706103582.076496, 7.9], [1706103583.080413, 10.4], [1706103584.0851505, 13.8], [1706103585.0895925, 7.7], [1706103586.0935388, 5.2], [1706103587.097809, 6.4], [1706103588.1019084, 5.4], [1706103589.1114686, 53.2], [1706103590.1159203, 28.1], [1706103591.119923, 29.9], [1706103592.124286, 40.5], [1706103593.1284473, 34.8], [1706103594.1329167, 44.0], [1706103595.1372724, 45.9], [1706103596.1412053, 33.1], [1706103597.1451278, 18.4], [1706103598.149512, 18.7], [1706103599.1539795, 18.7], [1706103600.1576462, 16.0], [1706103601.1628292, 16.5], [1706103602.1674597, 17.7], [1706103603.1715777, 23.7], [1706103604.1755357, 23.8], [1706103605.1798613, 20.2], [1706103606.183897, 19.5], [1706103607.1886342, 18.5], [1706103608.1925635, 20.9], [1706103609.1976182, 24.8], [1706103610.2022004, 45.3], [1706103611.2070675, 45.9], [1706103612.211341, 46.4], [1706103613.2154355, 30.6], [1706103614.2195919, 33.1], [1706103615.223657, 25.8], [1706103616.2275546, 15.4], [1706103617.2315073, 14.5], [1706103618.235349, 15.4], [1706103619.2397916, 17.2], [1706103620.2448995, 19.1], [1706103621.2493017, 19.6], [1706103622.253075, 17.0], [1706103623.2572064, 10.3], [1706103624.26174, 12.8], [1706103625.2659252, 15.3], [1706103626.2702765, 14.3], [1706103627.2743943, 14.5], [1706103628.2789173, 13.6], [1706103629.2837162, 15.5], [1706103630.2875862, 14.1], [1706103631.291577, 13.2], [1706103632.2955766, 14.1], [1706103633.299947, 14.2], [1706103634.3038638, 10.0], [1706103635.3083844, 9.2], [1706103636.3128445, 9.6], [1706103637.31653, 9.7], [1706103638.3209403, 9.3], [1706103639.3260643, 9.5], [1706103640.329952, 8.7], [1706103641.3342981, 4.7], [1706103642.339035, 5.0], [1706103643.3436058, 4.9], [1706103644.3475108, 5.7], [1706103645.3513756, 5.2], [1706103646.3550665, 2.5], [1706103647.3663375, 1.4], [1706103648.3740084, 2.0], [1706103649.3829916, 3.5], [1706103650.39285, 2.0], [1706103651.3973527, 1.6], [1706103652.405369, 1.0], [1706103653.4120908, 7.2], [1706103654.4158545, 7.9], [1706103655.4195623, 8.1], [1706103656.423411, 8.2], [1706103657.4276397, 5.0], [1706103658.4319012, 4.5], [1706103659.4373968, 3.2]], "memory_usage": [[1706103579.0636296, 25.3], [1706103580.0681238, 25.3], [1706103581.072715, 25.4], [1706103582.076496, 25.5], [1706103583.080413, 26.5], [1706103584.0851505, 26.7], [1706103585.0895925, 27.1], [1706103586.0935388, 27.5], [1706103587.097809, 27.7], [1706103588.1019084, 27.9], [1706103589.1114686, 28.3], [1706103590.1159203, 28.7], [1706103591.1203556, 29.7], [1706103592.124286, 30.1], [1706103593.1284473, 31.5], [1706103594.1329167, 32.6], [1706103595.1374257, 33.3], [1706103596.1412053, 33.0], [1706103597.1451278, 33.0], [1706103598.149512, 32.5], [1706103599.1539795, 32.2], [1706103600.1576462, 32.1], [1706103601.1628292, 32.0], [1706103602.1674597, 31.8], [1706103603.1715777, 31.8], [1706103604.1755357, 32.3], [1706103605.1798613, 32.7], [1706103606.183897, 32.9], [1706103607.1886342, 32.9], [1706103608.1925635, 33.8], [1706103609.1976182, 33.6], [1706103610.2022004, 34.1], [1706103611.2070675, 34.1], [1706103612.211341, 34.4], [1706103613.2154355, 34.8], [1706103614.2195919, 35.7], [1706103615.223657, 35.6], [1706103616.2275546, 35.7], [1706103617.2315073, 35.4], [1706103618.235349, 35.2], [1706103619.2397916, 36.4], [1706103620.2448995, 36.6], [1706103621.2493017, 36.5], [1706103622.253075, 36.4], [1706103623.2572064, 36.5], [1706103624.26174, 36.5], [1706103625.2659252, 36.4], [1706103626.2702765, 36.4], [1706103627.2743943, 36.5], [1706103628.2789173, 36.6], [1706103629.2837162, 37.0], [1706103630.2875862, 36.9], [1706103631.291577, 37.0], [1706103632.2955766, 36.9], [1706103633.299947, 36.9], [1706103634.3038638, 36.9], [1706103635.3083844, 37.0], [1706103636.3128445, 37.0], [1706103637.31653, 37.1], [1706103638.3209403, 37.1], [1706103639.3260643, 37.2], [1706103640.329952, 37.4], [1706103641.3342981, 37.4], [1706103642.339035, 37.5], [1706103643.3436058, 37.5], [1706103644.3475108, 37.5], [1706103645.3513756, 37.5], [1706103646.3550665, 37.6], [1706103647.3663375, 37.5], [1706103648.3742604, 37.5], [1706103649.3829916, 37.5], [1706103650.39285, 37.5], [1706103651.3973527, 37.5], [1706103652.405369, 37.5], [1706103653.4120908, 38.0], [1706103654.4158545, 38.2], [1706103655.4195623, 35.7], [1706103656.423411, 34.1], [1706103657.4276397, 33.9], [1706103658.4319012, 33.6], [1706103659.4373968, 33.0]]}