{"cpu_usage": [[1706024547.6759498, 3.0], [1706024548.6818757, 10.4], [1706024549.688401, 5.9], [1706024550.6925645, 5.5], [1706024551.696829, 5.0], [1706024552.7023175, 11.5], [1706024553.706667, 19.0], [1706024554.7111583, 11.7], [1706024555.7154922, 10.1], [1706024556.7198343, 9.7], [1706024557.7249062, 9.2], [1706024558.7297535, 13.8], [1706024559.734434, 9.5], [1706024560.7392292, 5.6], [1706024561.7437131, 5.8], [1706024562.7479458, 5.5], [1706024563.7525659, 6.2], [1706024564.757181, 6.5], [1706024565.7613597, 9.5], [1706024566.7656019, 6.7], [1706024567.770559, 5.2], [1706024568.7749476, 10.4], [1706024569.7804468, 13.8], [1706024570.7848806, 19.1], [1706024571.7895584, 10.3], [1706024572.7941384, 9.1], [1706024573.7996058, 8.6], [1706024574.8044336, 10.9], [1706024575.809385, 7.7], [1706024576.814566, 6.4], [1706024577.8203273, 5.6], [1706024578.8250053, 6.4], [1706024579.8295357, 5.5], [1706024580.8350556, 7.5], [1706024581.8397043, 6.3], [1706024582.8447998, 10.9], [1706024583.8496418, 8.7], [1706024584.8544989, 10.1], [1706024585.8589015, 11.5], [1706024586.8634079, 32.4]], "memory_usage": [[1706024547.6769774, 25.8], [1706024548.6818757, 26.0], [1706024549.688401, 26.0], [1706024550.6925645, 26.0], [1706024551.696829, 26.0], [1706024552.7024214, 26.6], [1706024553.706667, 27.2], [1706024554.7111583, 27.6], [1706024555.7154922, 27.9], [1706024556.7198343, 28.3], [1706024557.7249062, 28.4], [1706024558.7297535, 28.6], [1706024559.734434, 28.8], [1706024560.7392292, 28.9], [1706024561.7437131, 29.1], [1706024562.7479458, 29.2], [1706024563.7525659, 29.9], [1706024564.757181, 29.7], [1706024565.7613597, 29.8], [1706024566.7656019, 29.6], [1706024567.770559, 29.4], [1706024568.7750168, 26.2], [1706024569.7804468, 27.1], [1706024570.7848806, 27.5], [1706024571.7895584, 27.9], [1706024572.7941384, 28.2], [1706024573.7996058, 28.4], [1706024574.8044336, 28.6], [1706024575.809385, 28.8], [1706024576.814566, 28.8], [1706024577.8203273, 29.0], [1706024578.8250053, 29.1], [1706024579.8295357, 29.5], [1706024580.8350556, 29.9], [1706024581.8397043, 29.8], [1706024582.8447998, 29.6], [1706024583.8496418, 29.6], [1706024584.8545759, 26.4], [1706024585.8590043, 26.2], [1706024586.8635154, 26.1]]}