{"cpu_usage": [[1706096178.7750173, 7.5], [1706096179.780155, 13.8], [1706096180.7895796, 12.5], [1706096181.793472, 21.0], [1706096182.7980394, 11.7], [1706096183.8029075, 10.9], [1706096184.8069336, 13.0], [1706096185.8113248, 12.3], [1706096186.8157263, 13.8], [1706096187.8199377, 13.4], [1706096188.825253, 65.2], [1706096189.8303685, 90.3], [1706096190.8347712, 19.6], [1706096191.8389618, 16.2], [1706096192.8438544, 15.7], [1706096193.8484375, 14.6], [1706096194.8531358, 14.1], [1706096195.857023, 22.8], [1706096196.8618507, 43.4], [1706096197.8661664, 41.5], [1706096198.872401, 34.3], [1706096199.8768158, 26.8], [1706096200.881094, 9.9], [1706096201.8855968, 8.7], [1706096202.8896601, 14.2], [1706096203.8937068, 7.6], [1706096204.8983772, 8.4], [1706096205.9031541, 12.6], [1706096206.907361, 14.4], [1706096207.9112833, 21.7], [1706096208.915997, 11.9], [1706096209.9204268, 14.1], [1706096210.9248738, 17.1], [1706096211.929247, 14.9], [1706096212.9335387, 35.7], [1706096213.9381928, 75.4], [1706096214.9430733, 8.0], [1706096215.9483728, 7.2], [1706096216.952936, 7.8], [1706096217.9572878, 8.0], [1706096218.9625494, 8.2], [1706096219.9672062, 8.6], [1706096220.9713, 30.2], [1706096221.976311, 13.7], [1706096222.9803727, 8.7], [1706096223.984981, 9.9], [1706096224.9905288, 18.4], [1706096225.995658, 31.3], [1706096227.0002925, 46.0]], "memory_usage": [[1706096178.7750173, 23.1], [1706096179.780155, 23.3], [1706096180.7895796, 24.4], [1706096181.7936435, 24.7], [1706096182.7980394, 24.9], [1706096183.8029075, 25.2], [1706096184.8069336, 25.5], [1706096185.8113248, 25.7], [1706096186.8157263, 25.9], [1706096187.8199377, 26.0], [1706096188.8256366, 27.2], [1706096189.8303685, 26.9], [1706096190.8347712, 26.8], [1706096191.8389618, 27.0], [1706096192.8438544, 27.2], [1706096193.8484375, 27.4], [1706096194.8531358, 27.9], [1706096195.8572772, 28.3], [1706096196.8618507, 29.0], [1706096197.8661664, 28.7], [1706096198.872745, 28.5], [1706096199.8768158, 28.5], [1706096200.881094, 28.3], [1706096201.8855968, 24.4], [1706096202.8896601, 24.4], [1706096203.8937068, 24.3], [1706096204.8983772, 24.3], [1706096205.9031541, 24.4], [1706096206.907361, 25.4], [1706096207.9112833, 25.7], [1706096208.915997, 25.9], [1706096209.9204268, 26.3], [1706096210.9248738, 26.6], [1706096211.929247, 26.6], [1706096212.9335387, 26.7], [1706096213.9381928, 27.0], [1706096214.9433904, 27.1], [1706096215.9483728, 27.2], [1706096216.952936, 27.4], [1706096217.9572878, 27.5], [1706096218.9625494, 28.1], [1706096219.9672062, 28.0], [1706096220.9713, 28.2], [1706096221.976311, 27.9], [1706096222.9803727, 27.9], [1706096223.984981, 24.2], [1706096224.9905288, 24.3], [1706096225.995658, 24.5], [1706096227.0002925, 24.4]]}