{"cpu_usage": [[1706104763.3119025, 4.4], [1706104764.316257, 13.6], [1706104765.3213227, 17.9], [1706104766.3257291, 9.1], [1706104767.3307166, 14.4], [1706104768.3344133, 15.8], [1706104769.3383327, 9.0], [1706104770.3431993, 7.4], [1706104771.3480175, 7.7], [1706104772.3525043, 6.8], [1706104773.3581066, 24.8], [1706104774.3635364, 45.5], [1706104775.3684072, 25.3], [1706104776.373041, 42.8], [1706104777.3771007, 36.9], [1706104778.3820555, 32.8], [1706104779.3867192, 42.7], [1706104780.3936133, 39.9], [1706104781.3975956, 37.9], [1706104782.4050002, 21.1], [1706104783.4100618, 17.0], [1706104784.4167478, 17.8], [1706104785.4206817, 16.8], [1706104786.4246073, 16.2], [1706104787.4295135, 19.0], [1706104788.433774, 25.2], [1706104789.4387434, 21.7], [1706104790.4453816, 17.5], [1706104791.4500332, 18.4], [1706104792.45441, 20.5], [1706104793.45933, 26.2], [1706104794.4641325, 37.1], [1706104795.4691277, 48.3], [1706104796.4734626, 46.2], [1706104797.4780977, 44.2], [1706104798.482666, 30.0], [1706104799.488527, 31.6], [1706104800.4926765, 24.4], [1706104801.4966333, 12.2], [1706104802.5010068, 14.1], [1706104803.5059147, 13.8], [1706104804.5102158, 12.9], [1706104805.5140526, 13.2], [1706104806.519451, 14.2], [1706104807.523439, 19.2], [1706104808.5279226, 18.8], [1706104809.533378, 16.5], [1706104810.5373724, 14.5], [1706104811.5425322, 14.8], [1706104812.5470958, 16.6], [1706104813.552435, 12.0], [1706104814.5572705, 11.9], [1706104815.562192, 12.1], [1706104816.5661814, 10.0], [1706104817.570273, 10.7], [1706104818.5742633, 17.1], [1706104819.578597, 14.3], [1706104820.5834413, 11.7], [1706104821.5873463, 9.9], [1706104822.5923564, 11.0], [1706104823.5974402, 13.7], [1706104824.6031795, 13.7], [1706104825.60727, 11.0], [1706104826.611413, 18.9], [1706104827.6162424, 10.6], [1706104828.6205332, 12.6], [1706104829.6245277, 11.6], [1706104830.628709, 9.5], [1706104831.632856, 9.0], [1706104832.6374376, 5.4], [1706104833.644403, 3.9], [1706104834.6516354, 5.0], [1706104835.662403, 3.6], [1706104836.6692858, 4.2], [1706104837.6739883, 7.2], [1706104838.6787584, 5.2], [1706104839.6862848, 4.8], [1706104840.6909065, 3.2], [1706104841.6983519, 2.6], [1706104842.7083693, 4.8], [1706104843.716526, 3.4], [1706104844.72244, 3.7], [1706104845.7288523, 7.4], [1706104846.7329738, 12.7], [1706104847.738656, 10.8], [1706104848.742986, 7.6], [1706104849.7483141, 6.0], [1706104850.7528734, 6.7], [1706104851.759928, 5.5], [1706104852.7641652, 3.0]], "memory_usage": [[1706104763.3119025, 24.6], [1706104764.316257, 24.7], [1706104765.3213227, 24.8], [1706104766.3257291, 24.7], [1706104767.3307166, 25.3], [1706104768.3344133, 26.0], [1706104769.3383327, 26.2], [1706104770.3431993, 26.5], [1706104771.3480175, 26.7], [1706104772.3525043, 27.0], [1706104773.3581066, 27.3], [1706104774.3635364, 27.5], [1706104775.3684072, 27.8], [1706104776.373384, 29.3], [1706104777.3771007, 29.5], [1706104778.3820555, 30.9], [1706104779.3867192, 32.2], [1706104780.3936133, 32.1], [1706104781.3975956, 32.4], [1706104782.4050002, 32.0], [1706104783.4100618, 32.0], [1706104784.4167478, 31.6], [1706104785.4206817, 31.3], [1706104786.4246073, 31.0], [1706104787.4295855, 31.5], [1706104788.433774, 31.8], [1706104789.4387434, 31.7], [1706104790.4453816, 31.8], [1706104791.4500332, 32.3], [1706104792.45441, 32.4], [1706104793.45933, 32.4], [1706104794.4643874, 33.0], [1706104795.4694908, 33.3], [1706104796.4737992, 33.4], [1706104797.478364, 33.5], [1706104798.482666, 33.6], [1706104799.488527, 35.1], [1706104800.4926765, 34.9], [1706104801.4966333, 34.6], [1706104802.5010068, 34.7], [1706104803.5059147, 34.5], [1706104804.5102158, 34.4], [1706104805.5140526, 34.3], [1706104806.519451, 35.9], [1706104807.523439, 35.7], [1706104808.5279226, 35.9], [1706104809.533378, 35.8], [1706104810.5373724, 36.1], [1706104811.5426912, 36.1], [1706104812.5470958, 36.1], [1706104813.552435, 36.0], [1706104814.5572705, 36.0], [1706104815.562192, 35.9], [1706104816.5661814, 35.8], [1706104817.570273, 35.7], [1706104818.5742633, 35.9], [1706104819.578597, 35.9], [1706104820.5834413, 35.8], [1706104821.5873463, 36.0], [1706104822.5923564, 36.1], [1706104823.5974402, 36.4], [1706104824.6031795, 36.8], [1706104825.60727, 36.9], [1706104826.611413, 36.9], [1706104827.6162424, 36.9], [1706104828.6205332, 37.0], [1706104829.6245277, 37.1], [1706104830.628709, 37.2], [1706104831.632856, 37.2], [1706104832.6374376, 37.2], [1706104833.644403, 37.2], [1706104834.6516354, 37.2], [1706104835.662403, 37.2], [1706104836.6692858, 37.1], [1706104837.6739883, 37.0], [1706104838.6787584, 37.0], [1706104839.6862848, 36.9], [1706104840.6909065, 36.9], [1706104841.6983519, 36.9], [1706104842.710361, 36.9], [1706104843.716526, 36.9], [1706104844.72244, 36.9], [1706104845.7288523, 36.6], [1706104846.7329738, 36.9], [1706104847.738656, 36.9], [1706104848.742986, 33.9], [1706104849.7483141, 33.7], [1706104850.7528734, 33.2], [1706104851.759928, 33.1], [1706104852.7641652, 25.5]]}