{"cpu_usage": [[1706025559.3359747, 7.7], [1706025560.340162, 13.1], [1706025561.3449674, 12.0], [1706025562.349606, 19.5], [1706025563.3541005, 9.9], [1706025564.3584492, 9.4], [1706025565.3633409, 11.6], [1706025566.3676949, 15.0], [1706025567.372455, 9.4], [1706025568.3773568, 8.0], [1706025569.382426, 9.0], [1706025570.3870149, 6.9], [1706025571.391746, 8.5], [1706025572.3963854, 9.4], [1706025573.4007363, 9.6], [1706025574.4061847, 11.7], [1706025575.410772, 8.6], [1706025576.4152184, 10.2], [1706025577.4232633, 14.6], [1706025578.427628, 13.5], [1706025579.4333532, 17.5], [1706025580.4392686, 9.3], [1706025581.444367, 8.8], [1706025582.4487681, 8.6], [1706025583.4539738, 10.0], [1706025584.4589512, 10.8], [1706025585.4633954, 7.5], [1706025586.4683993, 6.3], [1706025587.473257, 7.5], [1706025588.4781363, 10.4]], "memory_usage": [[1706025559.3359747, 26.3], [1706025560.340162, 26.6], [1706025561.3449674, 27.5], [1706025562.349606, 27.9], [1706025563.354183, 28.3], [1706025564.3584492, 28.5], [1706025565.3633409, 28.9], [1706025566.3676949, 28.9], [1706025567.372455, 29.3], [1706025568.3773568, 29.4], [1706025569.382426, 29.4], [1706025570.3870149, 29.6], [1706025571.391746, 29.8], [1706025572.3963854, 30.3], [1706025573.4007897, 30.2], [1706025574.4061847, 30.3], [1706025575.4108791, 30.1], [1706025576.4153333, 30.1], [1706025577.4232633, 26.6], [1706025578.427628, 27.4], [1706025579.4335804, 27.8], [1706025580.4392686, 28.2], [1706025581.444367, 28.6], [1706025582.4487681, 28.9], [1706025583.4539738, 29.0], [1706025584.4589512, 29.2], [1706025585.4633954, 29.2], [1706025586.4683993, 29.4], [1706025587.473257, 29.6], [1706025588.4781363, 29.7]]}