{"cpu_usage": [[1706094483.7603343, 15.6], [1706094484.767442, 16.3], [1706094485.772598, 12.8], [1706094486.7784412, 18.5], [1706094487.7842755, 13.0], [1706094488.7896152, 8.5], [1706094489.7947853, 9.5], [1706094490.7994847, 9.3], [1706094491.8045514, 24.7], [1706094492.8112133, 27.2], [1706094493.8196406, 41.3], [1706094494.8263605, 32.9], [1706094495.8330476, 23.5], [1706094496.839335, 22.2], [1706094497.844573, 14.3], [1706094498.8507926, 20.6], [1706094499.856434, 25.4], [1706094500.8621287, 25.5], [1706094501.8676436, 27.7], [1706094502.874477, 27.2], [1706094503.881513, 24.3], [1706094504.8875122, 24.0], [1706094505.8929613, 42.3], [1706094506.8986228, 33.2], [1706094507.904026, 39.6], [1706094508.9105716, 37.6], [1706094509.91712, 37.8], [1706094510.9224606, 37.1], [1706094511.9282944, 36.3], [1706094512.9331446, 33.2], [1706094513.9401166, 31.7], [1706094514.945833, 28.0], [1706094515.9514792, 21.9], [1706094516.9573448, 18.3], [1706094517.9626799, 13.8], [1706094518.9674318, 5.8], [1706094519.9720986, 8.5], [1706094520.977243, 5.4], [1706094521.983236, 10.9], [1706094522.9884636, 11.2], [1706094523.9944453, 17.9], [1706094525.000368, 9.1], [1706094526.0056384, 8.2], [1706094527.0116956, 8.1], [1706094528.017605, 7.2], [1706094529.0232313, 27.2], [1706094530.0284088, 26.6], [1706094531.0346, 41.6], [1706094532.0403986, 31.4], [1706094533.0462234, 22.8], [1706094534.0530767, 23.5], [1706094535.0591905, 19.0], [1706094536.064239, 16.3], [1706094537.0698516, 20.9], [1706094538.075434, 25.9], [1706094539.0807703, 25.8], [1706094540.0864305, 28.1], [1706094541.0918796, 25.0], [1706094542.0974061, 25.3], [1706094543.102599, 34.7], [1706094544.109727, 34.1], [1706094545.116414, 36.9], [1706094546.122979, 36.3], [1706094547.128323, 34.8], [1706094548.1339648, 33.4], [1706094549.1395848, 32.1], [1706094550.14509, 29.6], [1706094551.1506913, 24.5], [1706094552.1569073, 28.2], [1706094553.1628373, 25.8], [1706094554.1684594, 23.9], [1706094555.1745846, 20.0], [1706094556.1802015, 12.6], [1706094557.184972, 7.4], [1706094558.1900592, 6.0], [1706094559.195272, 9.3], [1706094560.200582, 6.1], [1706094561.205952, 9.7], [1706094562.2231777, 37.6], [1706094563.2292044, 37.8]], "memory_usage": [[1706094483.7603343, 35.9], [1706094484.767442, 36.0], [1706094485.772598, 36.8], [1706094486.7784412, 37.2], [1706094487.7842755, 37.2], [1706094488.7896152, 37.4], [1706094489.7947853, 37.6], [1706094490.7994847, 37.8], [1706094491.8045514, 38.3], [1706094492.8112133, 40.5], [1706094493.8196406, 40.9], [1706094494.8263605, 41.8], [1706094495.8330476, 42.5], [1706094496.839335, 43.2], [1706094497.844573, 43.4], [1706094498.8507926, 43.5], [1706094499.856434, 43.7], [1706094500.8621287, 44.1], [1706094501.8676436, 44.3], [1706094502.874477, 44.6], [1706094503.8817153, 44.8], [1706094504.8875122, 45.4], [1706094505.8929613, 46.2], [1706094506.8986228, 46.5], [1706094507.904026, 46.6], [1706094508.9105716, 46.7], [1706094509.91712, 46.5], [1706094510.9224606, 46.5], [1706094511.9282944, 46.4], [1706094512.9331446, 46.3], [1706094513.9401166, 46.2], [1706094514.945833, 46.1], [1706094515.9514792, 45.6], [1706094516.9573448, 45.6], [1706094517.9626799, 40.9], [1706094518.9674318, 38.8], [1706094519.9720986, 37.6], [1706094520.977243, 37.5], [1706094521.983236, 35.8], [1706094522.9884636, 36.7], [1706094523.9944453, 37.0], [1706094525.000368, 37.1], [1706094526.0056384, 37.3], [1706094527.0116956, 37.6], [1706094528.017605, 37.7], [1706094529.0232313, 38.2], [1706094530.0284088, 40.4], [1706094531.0346, 40.7], [1706094532.0403986, 41.7], [1706094533.0462234, 42.5], [1706094534.0530767, 43.0], [1706094535.0591905, 43.3], [1706094536.064239, 43.6], [1706094537.0698516, 43.8], [1706094538.075434, 44.0], [1706094539.0807703, 44.3], [1706094540.0864305, 44.5], [1706094541.0918796, 44.7], [1706094542.0974061, 45.3], [1706094543.102599, 45.8], [1706094544.109727, 46.1], [1706094545.116414, 45.9], [1706094546.122979, 46.0], [1706094547.128323, 46.0], [1706094548.1339648, 46.0], [1706094549.1395848, 46.0], [1706094550.14509, 45.9], [1706094551.1506913, 45.9], [1706094552.1569073, 45.7], [1706094553.1628373, 45.7], [1706094554.1684594, 43.8], [1706094555.1745846, 43.8], [1706094556.1802015, 40.6], [1706094557.184972, 40.6], [1706094558.1900592, 37.8], [1706094559.195272, 37.6], [1706094560.200582, 37.5], [1706094561.205952, 35.8], [1706094562.2231777, 35.9], [1706094563.3072789, 36.5]]}