{"cpu_usage": [[1706097509.3603554, 8.0], [1706097510.3649578, 12.0], [1706097511.3676674, 7.8], [1706097512.3727744, 15.6], [1706097513.3766212, 9.2], [1706097514.3795958, 6.6], [1706097515.3838797, 9.2], [1706097516.3886282, 7.0], [1706097517.393256, 25.8], [1706097518.3971572, 27.0], [1706097519.4028022, 33.9], [1706097520.4069452, 23.7], [1706097521.4112222, 20.2], [1706097522.415157, 17.5], [1706097523.420388, 6.7], [1706097524.4248128, 19.2], [1706097525.4291205, 21.8], [1706097526.4332266, 31.5], [1706097527.4377441, 22.4], [1706097528.442518, 21.0], [1706097529.4474502, 21.4], [1706097530.4518166, 38.4], [1706097531.4588585, 26.7], [1706097532.4639647, 24.2], [1706097533.4693418, 33.3], [1706097534.4735193, 29.8], [1706097535.478033, 30.4], [1706097536.4827387, 30.4], [1706097537.4872308, 24.6], [1706097538.492226, 21.1], [1706097539.497572, 15.8], [1706097540.501963, 9.3], [1706097541.5058944, 8.6], [1706097542.50992, 6.9], [1706097543.5168152, 10.5], [1706097544.5216928, 11.2], [1706097545.525866, 7.9], [1706097546.529852, 4.0], [1706097547.5343974, 6.3], [1706097548.538669, 4.2], [1706097549.5430396, 4.2], [1706097550.547492, 9.6], [1706097551.5519786, 16.1], [1706097552.5565372, 6.7], [1706097553.560449, 6.1], [1706097554.5650294, 5.9], [1706097555.5693872, 7.9], [1706097556.5740488, 27.0], [1706097557.5780334, 34.9], [1706097558.582447, 30.6], [1706097559.5879343, 25.1], [1706097560.592396, 23.3], [1706097561.597041, 14.1], [1706097562.6016762, 23.1], [1706097563.6062405, 22.7], [1706097564.6107469, 21.7], [1706097565.6155515, 22.3], [1706097566.6195917, 21.1], [1706097567.6238852, 21.2], [1706097568.6286712, 30.5], [1706097569.6333723, 27.5], [1706097570.637614, 34.0], [1706097571.6419425, 31.8], [1706097572.6460505, 32.8], [1706097573.6506455, 29.4], [1706097574.6551106, 24.5], [1706097575.659395, 21.6], [1706097576.6634223, 21.4], [1706097577.6678135, 24.6], [1706097578.6723547, 23.1], [1706097579.6778574, 17.5], [1706097580.6821253, 13.4], [1706097581.6869578, 7.0], [1706097582.690918, 3.1], [1706097583.6951954, 3.3], [1706097584.6992452, 5.3], [1706097585.703673, 4.7], [1706097586.7080355, 17.9], [1706097587.7117274, 43.4]], "memory_usage": [[1706097509.3603554, 23.8], [1706097510.3649578, 24.0], [1706097511.3676674, 25.0], [1706097512.3727744, 25.3], [1706097513.3766212, 25.5], [1706097514.3795958, 25.8], [1706097515.3838797, 26.1], [1706097516.3886282, 26.2], [1706097517.393256, 26.9], [1706097518.3971572, 29.3], [1706097519.4031525, 29.9], [1706097520.4069452, 30.6], [1706097521.4112222, 31.4], [1706097522.415157, 31.8], [1706097523.420388, 31.7], [1706097524.4248128, 32.0], [1706097525.4291205, 32.2], [1706097526.4332266, 32.5], [1706097527.4377441, 32.7], [1706097528.442518, 33.0], [1706097529.4474502, 33.7], [1706097530.4518166, 34.1], [1706097531.4588585, 34.4], [1706097532.4639647, 34.8], [1706097533.4693418, 35.0], [1706097534.4735193, 34.8], [1706097535.478033, 34.8], [1706097536.4827387, 34.7], [1706097537.4872308, 34.6], [1706097538.492226, 34.5], [1706097539.497572, 34.4], [1706097540.501963, 34.4], [1706097541.5058944, 34.4], [1706097542.50992, 34.4], [1706097543.5168152, 34.2], [1706097544.5216928, 33.6], [1706097545.525866, 29.2], [1706097546.529852, 26.2], [1706097547.5346813, 25.9], [1706097548.538669, 24.3], [1706097549.5435436, 23.6], [1706097550.547492, 24.7], [1706097551.5519786, 25.1], [1706097552.5565372, 25.3], [1706097553.560449, 25.6], [1706097554.5650294, 26.0], [1706097555.5693872, 26.0], [1706097556.5740488, 27.7], [1706097557.5780334, 29.1], [1706097558.582447, 29.9], [1706097559.5879343, 30.7], [1706097560.592396, 31.3], [1706097561.597041, 31.7], [1706097562.6016762, 32.1], [1706097563.6065712, 32.4], [1706097564.6107469, 32.5], [1706097565.6155515, 32.8], [1706097566.6195917, 33.1], [1706097567.6238852, 33.7], [1706097568.6286712, 34.1], [1706097569.6333723, 34.4], [1706097570.637614, 34.5], [1706097571.6419425, 34.3], [1706097572.6460505, 34.3], [1706097573.6506455, 34.3], [1706097574.6551106, 34.3], [1706097575.659395, 34.3], [1706097576.6634223, 34.3], [1706097577.6678135, 34.1], [1706097578.6723547, 33.7], [1706097579.6778574, 32.2], [1706097580.6821253, 32.1], [1706097581.6869578, 29.0], [1706097582.690918, 28.9], [1706097583.6951954, 25.9], [1706097584.6992452, 25.9], [1706097585.703673, 23.6], [1706097586.7080355, 23.7], [1706097587.7117274, 23.7]]}