{"cpu_usage": [[1706094252.8965948, 14.0], [1706094253.9018488, 16.4], [1706094254.9061792, 13.0], [1706094255.9113607, 20.0], [1706094256.9162724, 10.4], [1706094257.9221318, 8.8], [1706094258.9282784, 10.0], [1706094259.933625, 9.9], [1706094260.93797, 16.2], [1706094261.9429154, 5.9], [1706094262.9486895, 8.6], [1706094263.9568276, 13.1], [1706094264.962576, 17.0], [1706094265.968223, 12.3], [1706094266.9728112, 9.6], [1706094267.9773853, 10.5], [1706094268.981935, 8.7], [1706094269.9864619, 14.8], [1706094270.9909527, 8.6], [1706094271.9967058, 5.6]], "memory_usage": [[1706094252.8965948, 23.8], [1706094253.9018488, 24.0], [1706094254.9061792, 25.0], [1706094255.9113607, 25.4], [1706094256.9162724, 25.6], [1706094257.9222138, 25.9], [1706094258.9282784, 26.2], [1706094259.933625, 26.4], [1706094260.93797, 26.3], [1706094261.9429154, 26.3], [1706094262.9486895, 24.0], [1706094263.9568276, 24.7], [1706094264.962576, 25.2], [1706094265.968223, 25.6], [1706094266.9728112, 25.9], [1706094267.9773853, 26.2], [1706094268.981935, 26.5], [1706094269.9864619, 26.5], [1706094270.9909527, 26.3], [1706094271.9967058, 24.1]]}