{"cpu_usage": [[1706027938.921965, 3.7], [1706027939.9268827, 11.9], [1706027940.9317887, 11.4], [1706027941.9361615, 20.0], [1706027942.9402275, 11.0], [1706027943.944913, 11.3], [1706027944.9492948, 10.4], [1706027945.9544744, 15.8], [1706027946.9592235, 14.1], [1706027947.9639342, 6.4], [1706027948.9695835, 10.0], [1706027949.9742897, 13.2], [1706027950.9785779, 8.9], [1706027951.9832287, 11.2], [1706027952.988197, 8.6], [1706027953.9934652, 10.1], [1706027954.9977598, 7.7], [1706027956.0023038, 6.4], [1706027957.0065198, 13.4], [1706027958.0114415, 10.2], [1706027959.0173485, 10.1], [1706027960.0216775, 10.4], [1706027961.0271509, 15.0], [1706027962.031727, 14.0], [1706027963.0371666, 17.5], [1706027964.0416217, 11.1], [1706027965.0461206, 12.2], [1706027966.0507975, 10.8], [1706027967.0570111, 13.8], [1706027968.0620844, 12.7], [1706027969.0673788, 10.2], [1706027970.0719376, 9.4], [1706027971.0772305, 5.5], [1706027972.0814776, 5.3], [1706027973.085896, 6.4], [1706027974.090418, 5.5], [1706027975.0951638, 11.0], [1706027976.0996103, 7.0], [1706027977.104411, 4.7], [1706027978.1090236, 9.4], [1706027979.1159256, 31.1], [1706027980.1307735, 36.5]], "memory_usage": [[1706027938.921965, 26.5], [1706027939.9268827, 26.8], [1706027940.9317887, 27.7], [1706027941.9361615, 28.2], [1706027942.9402275, 28.5], [1706027943.944913, 28.8], [1706027944.9492948, 29.2], [1706027945.9544744, 29.2], [1706027946.9593525, 29.3], [1706027947.9639342, 29.5], [1706027948.9695835, 29.7], [1706027949.9742897, 29.8], [1706027950.9785779, 30.0], [1706027951.9832287, 30.5], [1706027952.988197, 30.4], [1706027953.9934652, 30.5], [1706027954.9977598, 30.2], [1706027956.0023038, 30.2], [1706027957.0065198, 26.7], [1706027958.0114415, 26.7], [1706027959.0173485, 26.7], [1706027960.0216775, 26.7], [1706027961.0271509, 26.8], [1706027962.031727, 27.8], [1706027963.0371666, 28.0], [1706027964.0416217, 28.4], [1706027965.0461206, 28.8], [1706027966.0507975, 29.0], [1706027967.0570111, 29.2], [1706027968.0620844, 29.4], [1706027969.0673788, 29.5], [1706027970.0719376, 29.6], [1706027971.0772305, 29.8], [1706027972.0814776, 30.2], [1706027973.085896, 30.5], [1706027974.090418, 30.4], [1706027975.0951638, 30.5], [1706027976.0996103, 30.2], [1706027977.104411, 30.1], [1706027978.1090236, 26.6], [1706027979.116926, 27.1], [1706027980.131781, 26.8]]}