{"cpu_usage": [[1706094435.7768698, 5.6], [1706094436.7821727, 14.7], [1706094437.7874699, 8.1], [1706094438.7921996, 7.2], [1706094439.7986314, 7.9], [1706094440.8035185, 11.2], [1706094441.8090632, 21.7], [1706094442.8138146, 14.7], [1706094443.8193674, 12.7], [1706094444.8242698, 12.3], [1706094445.830658, 14.8], [1706094446.835583, 13.2], [1706094447.8412876, 63.5], [1706094448.847476, 81.3], [1706094449.8526797, 14.6], [1706094450.8576982, 7.5], [1706094451.8629208, 7.5], [1706094452.8677077, 25.8], [1706094453.872612, 15.3], [1706094454.8781922, 38.9], [1706094455.8850486, 51.4], [1706094456.8915083, 32.8], [1706094457.8975465, 18.1], [1706094458.9030564, 12.3], [1706094459.9079154, 8.2], [1706094460.9128194, 13.2], [1706094461.9175892, 18.4], [1706094462.9226227, 10.4], [1706094463.9273906, 9.2], [1706094464.9322634, 8.0], [1706094465.9386775, 10.2], [1706094466.9441426, 8.9], [1706094467.9499052, 52.7], [1706094468.9571934, 58.3], [1706094469.962621, 9.3], [1706094470.9671707, 8.9], [1706094471.9728181, 7.3], [1706094472.9784646, 7.5], [1706094473.9838495, 8.9], [1706094474.9886088, 8.5], [1706094475.9949696, 29.1], [1706094477.0000556, 16.1], [1706094478.0050106, 9.7], [1706094479.0092769, 14.1], [1706094480.0146675, 23.3], [1706094481.019612, 46.9], [1706094482.03364, 43.5]], "memory_usage": [[1706094435.7769454, 35.5], [1706094436.7821727, 35.7], [1706094437.7874699, 35.7], [1706094438.7921996, 35.7], [1706094439.7986314, 35.7], [1706094440.8035185, 35.9], [1706094441.8090632, 36.7], [1706094442.8138146, 37.0], [1706094443.8193674, 37.1], [1706094444.8242698, 37.4], [1706094445.830658, 37.6], [1706094446.835583, 37.7], [1706094447.8412876, 38.8], [1706094448.847476, 38.3], [1706094449.8526797, 38.3], [1706094450.8576982, 38.4], [1706094451.8629208, 38.6], [1706094452.8677077, 38.9], [1706094453.872612, 39.5], [1706094454.8785949, 40.2], [1706094455.8850486, 40.2], [1706094456.8915083, 39.7], [1706094457.8975465, 39.4], [1706094458.9030564, 39.2], [1706094459.9079154, 36.0], [1706094460.9128194, 36.1], [1706094461.9175892, 36.9], [1706094462.9226227, 37.1], [1706094463.9273906, 37.2], [1706094464.9322634, 37.5], [1706094465.9389303, 37.7], [1706094466.9441426, 37.8], [1706094467.9499052, 38.0], [1706094468.9571934, 38.2], [1706094469.962735, 38.3], [1706094470.9671707, 38.4], [1706094471.9728181, 38.5], [1706094472.9784646, 38.8], [1706094473.9838495, 39.2], [1706094474.9887466, 39.3], [1706094475.9949696, 39.2], [1706094477.0000556, 39.0], [1706094478.0050106, 39.0], [1706094479.0092769, 35.7], [1706094480.0146675, 35.9], [1706094481.019612, 36.1], [1706094482.0814817, 36.5]]}