{"cpu_usage": [[1706026072.3097718, 5.9], [1706026073.3148937, 11.9], [1706026074.3247895, 10.0], [1706026075.3296504, 18.9], [1706026076.334723, 7.8], [1706026077.3396645, 7.6], [1706026078.34389, 7.5], [1706026079.3487978, 10.9], [1706026080.353451, 11.8], [1706026081.358135, 9.4], [1706026082.363788, 6.2], [1706026083.3686852, 6.2], [1706026084.3738458, 6.8], [1706026085.3786838, 11.4], [1706026086.3837407, 10.0], [1706026087.388274, 10.0], [1706026088.3928936, 6.0], [1706026089.3987958, 8.1], [1706026090.4051301, 13.2], [1706026091.409568, 17.0], [1706026092.415503, 10.8], [1706026093.4200952, 7.0], [1706026094.4254112, 9.6], [1706026095.4299421, 10.9], [1706026096.4348218, 18.6], [1706026097.440265, 5.2], [1706026098.4450908, 5.2], [1706026099.4497433, 5.7], [1706026100.4538782, 6.2], [1706026101.4588768, 8.4]], "memory_usage": [[1706026072.3097718, 26.4], [1706026073.3148937, 26.6], [1706026074.3247895, 27.7], [1706026075.3296504, 28.0], [1706026076.334723, 28.3], [1706026077.3396645, 28.7], [1706026078.34389, 29.0], [1706026079.3487978, 29.1], [1706026080.353451, 29.3], [1706026081.358135, 29.4], [1706026082.363788, 29.6], [1706026083.3686852, 29.8], [1706026084.3738458, 30.2], [1706026085.3786838, 30.5], [1706026086.3837407, 30.4], [1706026087.388274, 30.2], [1706026088.3928936, 30.2], [1706026089.3987958, 26.6], [1706026090.4051301, 27.4], [1706026091.409568, 27.8], [1706026092.415503, 28.1], [1706026093.4200952, 28.5], [1706026094.4254112, 28.8], [1706026095.4299421, 29.0], [1706026096.4348218, 29.1], [1706026097.440265, 29.4], [1706026098.4450908, 29.4], [1706026099.4497433, 29.6], [1706026100.4538782, 29.7], [1706026101.4588768, 30.2]]}