{"cpu_usage": [[1706093301.587193, 9.4], [1706093302.5911677, 12.4], [1706093303.5949876, 15.1], [1706093304.6019447, 21.1], [1706093305.6057897, 21.2], [1706093306.610063, 13.2], [1706093307.6144185, 11.1], [1706093308.6181152, 6.4], [1706093309.6240385, 6.6], [1706093310.6286962, 8.6], [1706093311.6335447, 10.4], [1706093312.6376662, 9.7], [1706093313.641472, 13.1], [1706093314.646511, 16.2], [1706093315.6513572, 9.4], [1706093316.6551292, 8.0], [1706093317.6595957, 7.4], [1706093318.663556, 5.8], [1706093319.6679354, 29.0], [1706093320.6720545, 13.8], [1706093321.6766691, 30.7], [1706093322.68152, 32.2], [1706093323.6863315, 44.5], [1706093324.6910295, 37.9], [1706093325.694788, 24.2], [1706093326.699531, 21.0], [1706093327.7035925, 19.2], [1706093328.70826, 17.3], [1706093329.712624, 15.6], [1706093330.7168372, 15.8], [1706093331.7218444, 16.9], [1706093332.7263694, 14.1], [1706093333.7313538, 11.9], [1706093334.7354243, 17.4], [1706093335.7402897, 13.9], [1706093336.7444313, 12.5], [1706093337.7488008, 22.5], [1706093338.7531672, 27.8], [1706093339.7575533, 21.6], [1706093340.7617152, 22.7], [1706093341.7664273, 21.6], [1706093342.7711706, 19.8], [1706093343.7748923, 27.1], [1706093344.7805824, 36.4], [1706093345.7847521, 42.9], [1706093346.7900176, 39.2], [1706093347.794875, 18.6], [1706093348.7997532, 10.7], [1706093349.8037536, 8.2], [1706093350.808229, 7.4], [1706093351.8141806, 7.2], [1706093352.8178318, 8.9], [1706093353.8217359, 11.0], [1706093354.8263018, 11.7], [1706093355.8315737, 11.9], [1706093356.8353975, 12.4], [1706093357.839339, 10.6], [1706093358.8430264, 12.4], [1706093359.8474627, 12.7], [1706093360.8524725, 11.0], [1706093361.858044, 7.8], [1706093362.8623936, 7.5], [1706093363.8663166, 6.7], [1706093364.870693, 8.8], [1706093365.8752239, 7.3], [1706093366.879264, 7.1], [1706093367.884098, 4.1], [1706093368.888893, 4.7], [1706093369.897734, 7.5], [1706093370.9050865, 6.2], [1706093371.9131067, 5.4], [1706093372.9201193, 7.1], [1706093373.9244921, 11.2], [1706093374.929467, 8.2], [1706093375.9337137, 8.4], [1706093376.9382691, 7.3], [1706093377.9421523, 7.4], [1706093378.9463158, 4.8]], "memory_usage": [[1706093301.5875118, 23.5], [1706093302.59125, 23.6], [1706093303.5949876, 23.5], [1706093304.6021078, 23.5], [1706093305.6057897, 23.3], [1706093306.610063, 23.3], [1706093307.6144185, 23.2], [1706093308.6181152, 23.2], [1706093309.6240385, 23.1], [1706093310.6288898, 23.0], [1706093311.6335447, 23.0], [1706093312.6376662, 23.1], [1706093313.641472, 24.0], [1706093314.646511, 24.3], [1706093315.6513572, 24.7], [1706093316.6551292, 25.1], [1706093317.6595957, 25.4], [1706093318.663556, 25.6], [1706093319.6679354, 26.1], [1706093320.6720545, 26.5], [1706093321.67696, 27.2], [1706093322.681776, 28.5], [1706093323.6863315, 29.3], [1706093324.6910295, 29.9], [1706093325.6951556, 30.1], [1706093326.699531, 29.8], [1706093327.7037368, 29.4], [1706093328.708417, 29.2], [1706093329.712624, 29.4], [1706093330.7168372, 29.3], [1706093331.7218444, 29.2], [1706093332.7263694, 29.0], [1706093333.7313538, 29.1], [1706093334.7354243, 29.2], [1706093335.7402897, 29.1], [1706093336.7444313, 29.3], [1706093337.7488008, 30.0], [1706093338.7531672, 30.1], [1706093339.7575533, 30.5], [1706093340.7617152, 30.9], [1706093341.7664273, 31.0], [1706093342.7711706, 31.0], [1706093343.775401, 31.1], [1706093344.7808843, 31.6], [1706093345.785041, 31.9], [1706093346.7900176, 31.6], [1706093347.794875, 31.6], [1706093348.7997532, 31.7], [1706093349.8037536, 31.6], [1706093350.808229, 31.5], [1706093351.8141806, 31.5], [1706093352.8178318, 31.6], [1706093353.8217359, 31.7], [1706093354.8263018, 31.8], [1706093355.8315737, 32.0], [1706093356.8353975, 32.1], [1706093357.839339, 32.5], [1706093358.8430264, 32.6], [1706093359.8474627, 32.7], [1706093360.8524725, 32.7], [1706093361.858044, 32.8], [1706093362.8623936, 32.7], [1706093363.8663166, 32.8], [1706093364.870693, 32.8], [1706093365.8752239, 32.8], [1706093366.879264, 32.8], [1706093367.884098, 32.8], [1706093368.8898976, 32.8], [1706093369.897734, 32.8], [1706093370.9050865, 32.8], [1706093371.9131067, 32.8], [1706093372.9201193, 32.5], [1706093373.9244921, 32.9], [1706093374.929467, 29.9], [1706093375.9337137, 29.7], [1706093376.9382691, 29.7], [1706093377.9421523, 29.4], [1706093378.9463158, 29.3]]}