{"cpu_usage": [[1706025475.9769607, 6.4], [1706025476.9812758, 12.2], [1706025477.9872046, 12.6], [1706025478.9914799, 20.1], [1706025479.9967258, 9.4], [1706025481.001476, 9.5], [1706025482.0069807, 9.7], [1706025483.011338, 10.3], [1706025484.0162632, 9.9], [1706025485.0208013, 7.0], [1706025486.0268857, 8.0], [1706025487.0317025, 6.0], [1706025488.0360687, 6.4], [1706025489.0403368, 7.2], [1706025490.0452619, 6.5], [1706025491.05058, 12.5], [1706025492.055329, 9.8], [1706025493.059953, 5.2], [1706025494.0642066, 14.0], [1706025495.0690737, 17.4], [1706025496.074451, 10.8], [1706025497.0793717, 7.8], [1706025498.083862, 10.2], [1706025499.0880737, 8.6], [1706025500.0944815, 14.0], [1706025501.0992413, 7.9], [1706025502.1041174, 7.8], [1706025503.1100216, 7.3], [1706025504.114784, 7.1], [1706025505.1197538, 8.0]], "memory_usage": [[1706025475.9769607, 26.2], [1706025476.9812758, 26.5], [1706025477.9872046, 27.5], [1706025478.991568, 27.9], [1706025479.9967258, 28.3], [1706025481.001476, 28.6], [1706025482.0069807, 28.9], [1706025483.011338, 28.9], [1706025484.0162632, 29.3], [1706025485.0208013, 29.4], [1706025486.0268857, 29.5], [1706025487.0317025, 29.7], [1706025488.0360687, 29.9], [1706025489.0403368, 30.4], [1706025490.0452619, 30.3], [1706025491.05058, 30.2], [1706025492.055329, 30.1], [1706025493.059953, 26.6], [1706025494.0642066, 26.9], [1706025495.0690737, 27.8], [1706025496.074451, 28.1], [1706025497.0793717, 28.5], [1706025498.083862, 28.8], [1706025499.0880737, 29.0], [1706025500.0944815, 29.1], [1706025501.0992413, 29.3], [1706025502.1041174, 29.4], [1706025503.1100216, 29.6], [1706025504.114784, 29.7], [1706025505.1197538, 30.2]]}