{"cpu_usage": [[1706025998.706105, 3.3], [1706025999.7114437, 9.4], [1706026000.71581, 9.5], [1706026001.7205236, 18.3], [1706026002.7255013, 7.4], [1706026003.7302196, 7.9], [1706026004.7347786, 7.4], [1706026005.7408044, 10.0], [1706026006.7454007, 6.0], [1706026007.7504025, 5.2], [1706026008.7559953, 6.2], [1706026009.7610111, 5.9], [1706026010.7657452, 6.0], [1706026011.7699654, 8.1], [1706026012.774335, 6.4], [1706026013.7791398, 15.0], [1706026014.7832558, 8.0], [1706026015.7878275, 8.5], [1706026016.7919855, 18.1], [1706026017.7965505, 16.3], [1706026018.803514, 7.3], [1706026019.8079724, 7.4], [1706026020.8124933, 8.0], [1706026021.8171556, 9.4], [1706026022.821856, 10.9], [1706026023.8265269, 5.7], [1706026024.8311913, 6.3], [1706026025.8360956, 5.2], [1706026026.8413403, 5.8], [1706026027.8462586, 6.2]], "memory_usage": [[1706025998.706105, 26.3], [1706025999.7114437, 26.6], [1706026000.71581, 27.6], [1706026001.7205236, 27.9], [1706026002.7255013, 28.3], [1706026003.7302196, 28.7], [1706026004.7347786, 28.9], [1706026005.7408044, 29.1], [1706026006.7454007, 29.2], [1706026007.7504025, 29.4], [1706026008.7559953, 29.6], [1706026009.7610111, 29.7], [1706026010.7657452, 30.1], [1706026011.7699654, 30.4], [1706026012.774335, 30.3], [1706026013.7791965, 30.0], [1706026014.7832558, 30.0], [1706026015.7878275, 26.4], [1706026016.7919855, 27.3], [1706026017.7965505, 27.8], [1706026018.803514, 28.2], [1706026019.8079724, 28.5], [1706026020.8124933, 28.9], [1706026021.8173883, 28.9], [1706026022.821856, 29.1], [1706026023.8265269, 29.3], [1706026024.8311913, 29.4], [1706026025.8360956, 29.6], [1706026026.8413403, 29.7], [1706026027.8462586, 30.3]]}