{"cpu_usage": [[1706104853.88472, 4.3], [1706104854.8891032, 20.6], [1706104855.894015, 11.7], [1706104856.8980548, 10.9], [1706104857.9021072, 15.3], [1706104858.9063418, 16.5], [1706104859.9106414, 11.0], [1706104860.9151168, 5.7], [1706104861.919672, 8.9], [1706104862.9238982, 6.6], [1706104863.9452052, 39.6], [1706104864.9502878, 27.8], [1706104865.9568324, 35.3], [1706104866.9614143, 32.3], [1706104867.9654055, 22.4], [1706104868.9699295, 26.9], [1706104869.9743726, 25.1], [1706104870.9790514, 23.3], [1706104871.983236, 24.1], [1706104872.9880326, 20.3], [1706104873.9927964, 22.3], [1706104874.9970121, 36.5], [1706104876.0014107, 46.0], [1706104877.0054355, 43.0], [1706104878.010905, 38.5], [1706104879.0155203, 30.8], [1706104880.0200217, 26.8], [1706104881.0246115, 29.6], [1706104882.0295653, 56.3], [1706104883.0351994, 62.7], [1706104884.0419776, 66.9], [1706104885.0475378, 59.5], [1706104886.0529475, 58.2], [1706104887.059441, 53.4], [1706104888.0643969, 53.6], [1706104889.0690637, 44.2], [1706104890.0735626, 35.3], [1706104891.0777273, 24.3], [1706104892.082945, 23.7], [1706104893.0871758, 28.8], [1706104894.094353, 23.8], [1706104895.0982907, 18.9], [1706104896.1038544, 16.8], [1706104897.1080356, 12.7], [1706104898.1135015, 11.5], [1706104899.1177375, 10.7], [1706104900.1226451, 12.0], [1706104901.1270123, 14.9], [1706104902.1324947, 6.4], [1706104903.1370106, 9.9], [1706104904.1423943, 10.9], [1706104905.147084, 18.1], [1706104906.1515555, 22.3], [1706104907.1556528, 20.9], [1706104908.1604798, 21.1], [1706104909.1644523, 19.2], [1706104910.1692631, 25.6], [1706104911.1738324, 18.5], [1706104912.178154, 17.9], [1706104913.1824515, 16.9], [1706104914.1885753, 10.9], [1706104915.1930776, 13.8], [1706104916.1974394, 10.9], [1706104917.2013376, 14.2], [1706104918.206305, 13.1], [1706104919.2109041, 14.0], [1706104920.2150798, 7.2], [1706104921.2217338, 3.5], [1706104922.2292085, 3.9], [1706104923.2331817, 4.5], [1706104924.2390172, 11.5], [1706104925.243111, 7.0], [1706104926.2468371, 30.6], [1706104927.252467, 11.2], [1706104928.2570963, 4.9], [1706104929.2623546, 5.7], [1706104930.2710729, 6.7], [1706104931.2748563, 5.4], [1706104932.279206, 13.6], [1706104933.2833755, 14.5], [1706104934.2889419, 15.5], [1706104935.2936, 17.3], [1706104936.2977357, 9.1], [1706104937.3022616, 8.4], [1706104938.3062167, 8.2], [1706104939.3104343, 7.3], [1706104940.3151453, 5.8], [1706104941.319545, 7.3]], "memory_usage": [[1706104853.88472, 25.1], [1706104854.8891032, 25.1], [1706104855.894015, 25.2], [1706104856.8980548, 25.2], [1706104857.9021072, 26.1], [1706104858.9063418, 26.2], [1706104859.9106414, 26.5], [1706104860.9151168, 27.0], [1706104861.919672, 27.2], [1706104862.9238982, 27.4], [1706104863.9452052, 27.4], [1706104864.9502878, 28.1], [1706104865.9568324, 28.1], [1706104866.9614143, 28.5], [1706104867.9654055, 28.5], [1706104868.9699295, 29.0], [1706104869.9743726, 29.4], [1706104870.9790514, 30.5], [1706104871.9833467, 30.7], [1706104872.9880326, 30.7], [1706104873.992938, 30.6], [1706104874.9970121, 31.8], [1706104876.0014107, 33.1], [1706104877.0056627, 33.5], [1706104878.010905, 34.3], [1706104879.0155203, 34.8], [1706104880.0200217, 35.5], [1706104881.0246115, 36.3], [1706104882.0296936, 38.2], [1706104883.0351994, 38.7], [1706104884.0423675, 39.2], [1706104885.0475378, 39.0], [1706104886.053252, 40.6], [1706104887.0598013, 41.7], [1706104888.0643969, 43.1], [1706104889.0690637, 43.1], [1706104890.0735626, 42.9], [1706104891.0779462, 43.1], [1706104892.082945, 43.1], [1706104893.0871758, 42.8], [1706104894.094353, 42.5], [1706104895.098483, 42.8], [1706104896.1038544, 42.5], [1706104897.1080356, 42.3], [1706104898.1135015, 42.2], [1706104899.1177375, 42.2], [1706104900.1226451, 42.1], [1706104901.1271627, 42.1], [1706104902.1324947, 42.0], [1706104903.1370106, 42.1], [1706104904.1423943, 42.0], [1706104905.147084, 41.7], [1706104906.1515555, 42.0], [1706104907.1556528, 42.4], [1706104908.1604798, 42.6], [1706104909.1644523, 42.7], [1706104910.1692631, 43.0], [1706104911.1738324, 42.8], [1706104912.178154, 43.3], [1706104913.1824515, 43.8], [1706104914.1885753, 43.9], [1706104915.1930776, 43.7], [1706104916.1974394, 43.7], [1706104917.2013376, 43.7], [1706104918.206305, 43.9], [1706104919.2109041, 43.9], [1706104920.2150798, 43.9], [1706104921.2217338, 43.8], [1706104922.2292085, 43.8], [1706104923.2333388, 43.8], [1706104924.2390172, 43.8], [1706104925.243111, 43.9], [1706104926.2468371, 44.4], [1706104927.252467, 44.3], [1706104928.2570963, 44.7], [1706104929.2623546, 43.9], [1706104930.2710729, 43.9], [1706104931.2748563, 43.9], [1706104932.279206, 43.3], [1706104933.2833755, 43.1], [1706104934.2889419, 43.0], [1706104935.2936, 31.2], [1706104936.2977357, 32.0], [1706104937.3022616, 32.2], [1706104938.3062167, 31.9], [1706104939.3104343, 31.6], [1706104940.3151453, 31.5], [1706104941.319545, 25.2]]}