{"cpu_usage": [[1706104942.356758, 6.5], [1706104943.3619812, 19.0], [1706104944.3670173, 16.1], [1706104945.3708823, 12.8], [1706104946.375711, 15.6], [1706104947.38317, 16.3], [1706104948.3874815, 10.6], [1706104949.3919513, 9.2], [1706104950.3961077, 9.4], [1706104951.4005, 6.4], [1706104952.40644, 37.4], [1706104953.4122014, 37.4], [1706104954.41632, 36.4], [1706104955.4208176, 37.7], [1706104956.425035, 25.9], [1706104957.4308279, 31.3], [1706104958.4357033, 30.0], [1706104959.4402988, 27.4], [1706104960.4446552, 34.7], [1706104961.4491243, 51.6], [1706104962.46106, 51.4], [1706104963.4664834, 46.0], [1706104964.4725852, 41.0], [1706104965.4765875, 32.2], [1706104966.4811947, 31.0], [1706104967.4852433, 35.4], [1706104968.4903672, 55.0], [1706104969.4954858, 59.5], [1706104970.5005066, 65.7], [1706104971.5055203, 53.6], [1706104972.5119383, 56.6], [1706104973.5174046, 58.0], [1706104974.5225747, 54.8], [1706104975.5283682, 42.0], [1706104976.5341225, 49.2], [1706104977.5396483, 36.6], [1706104978.5435667, 28.0], [1706104979.548713, 24.8], [1706104980.5540257, 26.6], [1706104981.558795, 19.9], [1706104982.5639129, 18.2], [1706104983.5698278, 22.0], [1706104984.5746188, 17.3], [1706104985.578538, 12.7], [1706104986.5833023, 10.9], [1706104987.5878704, 8.8], [1706104988.5924673, 9.1], [1706104989.5996459, 4.9], [1706104990.6043427, 4.0], [1706104991.608841, 10.9], [1706104992.6143832, 15.4], [1706104993.6195161, 13.3], [1706104994.6242092, 13.1], [1706104995.6292222, 20.8], [1706104996.633274, 14.9], [1706104997.637553, 18.2], [1706104998.6420398, 16.7], [1706104999.6467884, 15.1], [1706105000.6510062, 18.3], [1706105001.6554625, 13.6], [1706105002.660456, 10.0], [1706105003.6648, 17.3], [1706105004.6696754, 17.0], [1706105005.6738775, 17.3], [1706105006.6777787, 17.9], [1706105007.682537, 9.3], [1706105008.6873887, 7.8], [1706105009.691753, 6.0], [1706105010.6958756, 6.3], [1706105011.701125, 3.9], [1706105012.712525, 2.5], [1706105013.7223394, 2.0], [1706105014.735457, 2.3], [1706105015.741131, 1.5], [1706105016.7537448, 5.0], [1706105017.7656233, 1.6], [1706105018.7735724, 4.9], [1706105019.7778091, 8.0], [1706105020.7829158, 12.7], [1706105021.7874002, 13.7], [1706105022.7929487, 9.5], [1706105023.7978597, 5.7], [1706105024.8015468, 5.8], [1706105025.806002, 3.8], [1706105026.8102896, 4.6], [1706105027.8138032, 5.6], [1706105028.818197, 2.7]], "memory_usage": [[1706104942.3575356, 24.8], [1706104943.3619812, 24.8], [1706104944.3670173, 25.0], [1706104945.3708823, 24.9], [1706104946.375711, 25.9], [1706104947.38317, 26.0], [1706104948.3877397, 26.5], [1706104949.3919513, 26.8], [1706104950.3961077, 27.0], [1706104951.4005, 27.1], [1706104952.4065237, 27.6], [1706104953.4122014, 28.1], [1706104954.41632, 28.2], [1706104955.4210265, 28.5], [1706104956.425035, 28.5], [1706104957.4308279, 28.7], [1706104958.4357033, 29.4], [1706104959.4402988, 30.7], [1706104960.4447734, 31.3], [1706104961.4492729, 33.1], [1706104962.46106, 33.8], [1706104963.4664834, 34.2], [1706104964.4725852, 35.1], [1706104965.476833, 35.4], [1706104966.4811947, 35.8], [1706104967.4854937, 36.5], [1706104968.4907966, 37.3], [1706104969.4959142, 37.8], [1706104970.5008478, 38.1], [1706104971.5055203, 39.3], [1706104972.512365, 41.0], [1706104973.5175526, 41.8], [1706104974.5228522, 43.1], [1706104975.5283682, 43.3], [1706104976.5344093, 42.9], [1706104977.5396483, 42.5], [1706104978.5437133, 42.7], [1706104979.548713, 42.4], [1706104980.5540257, 42.4], [1706104981.558795, 42.1], [1706104982.5639129, 42.0], [1706104983.5699415, 42.0], [1706104984.5746188, 41.9], [1706104985.578538, 41.7], [1706104986.5833023, 41.9], [1706104987.5878704, 41.9], [1706104988.5924673, 41.7], [1706104989.5996459, 41.5], [1706104990.6043427, 41.5], [1706104991.608841, 41.2], [1706104992.6143832, 41.1], [1706104993.6195161, 41.2], [1706104994.6242092, 41.4], [1706104995.6292222, 41.5], [1706104996.6333697, 42.1], [1706104997.637553, 42.2], [1706104998.6420398, 42.3], [1706104999.6467884, 42.3], [1706105000.6510062, 42.4], [1706105001.6554625, 42.6], [1706105002.660456, 42.8], [1706105003.6648, 43.0], [1706105004.6696754, 43.2], [1706105005.6738775, 43.4], [1706105006.6777787, 43.4], [1706105007.682537, 43.4], [1706105008.6873887, 43.4], [1706105009.691753, 43.4], [1706105010.6958756, 43.4], [1706105011.701125, 43.3], [1706105012.712525, 43.3], [1706105013.7223394, 43.3], [1706105014.7357109, 43.3], [1706105015.741131, 43.3], [1706105016.7537448, 43.3], [1706105017.7656233, 43.3], [1706105018.7735724, 43.2], [1706105019.7778091, 42.8], [1706105020.7829158, 43.6], [1706105021.7874002, 36.8], [1706105022.7929487, 32.0], [1706105023.7978597, 32.0], [1706105024.8015468, 31.9], [1706105025.806002, 31.8], [1706105026.8102896, 31.5], [1706105027.8138032, 31.3], [1706105028.818197, 26.1]]}