{"cpu_usage": [[1706105029.8719757, 2.8], [1706105030.877429, 18.4], [1706105031.8816528, 10.1], [1706105032.8856332, 9.6], [1706105033.8897297, 10.6], [1706105034.8940618, 13.7], [1706105035.897982, 10.8], [1706105036.9023993, 4.8], [1706105037.9063368, 6.4], [1706105038.910351, 5.4], [1706105039.915301, 54.2], [1706105040.9204445, 22.4], [1706105041.9246917, 30.3], [1706105042.9285522, 29.6], [1706105043.9326327, 21.9], [1706105044.937072, 24.7], [1706105045.9412296, 25.7], [1706105046.945488, 24.9], [1706105047.9493902, 21.7], [1706105048.9541059, 31.3], [1706105049.9604402, 42.6], [1706105050.9656296, 43.1], [1706105051.9717603, 43.3], [1706105052.9778957, 35.1], [1706105053.98243, 34.6], [1706105054.9869628, 23.0], [1706105055.991649, 41.8], [1706105056.9967518, 48.1], [1706105058.001313, 57.7], [1706105059.0066416, 52.8], [1706105060.01404, 67.8], [1706105061.0198882, 56.9], [1706105062.024969, 56.8], [1706105063.0301409, 49.6], [1706105064.0357337, 41.0], [1706105065.039846, 38.6], [1706105066.0448744, 31.1], [1706105067.049024, 24.4], [1706105068.053473, 24.4], [1706105069.057703, 18.6], [1706105070.0631797, 17.0], [1706105071.067669, 11.3], [1706105072.0720544, 5.9], [1706105073.076378, 6.5], [1706105074.0811214, 5.8], [1706105075.086132, 4.6], [1706105076.0907562, 8.7], [1706105077.095445, 6.4], [1706105078.0996919, 13.9], [1706105079.1040292, 20.8], [1706105080.1089487, 26.3], [1706105081.1136365, 19.2], [1706105082.1179435, 14.8], [1706105083.1234434, 15.0], [1706105084.127449, 13.7], [1706105085.1320696, 17.2], [1706105086.1366796, 17.0], [1706105087.1416922, 16.0], [1706105088.1457605, 19.1], [1706105089.149894, 14.4], [1706105090.1552665, 8.3], [1706105091.1600409, 9.2], [1706105092.1640446, 8.7], [1706105093.168971, 9.8], [1706105094.174342, 7.5], [1706105095.1782405, 9.5], [1706105096.1827564, 8.7], [1706105097.187697, 10.8], [1706105098.1923246, 7.0], [1706105099.1967695, 7.7], [1706105100.205635, 2.2], [1706105101.2184215, 2.9], [1706105102.2262135, 1.8], [1706105103.2337735, 3.3], [1706105104.2431395, 2.0], [1706105105.2479558, 6.6], [1706105106.2523246, 9.4], [1706105107.2566788, 15.3], [1706105108.261672, 13.3], [1706105109.2693725, 7.2], [1706105110.2769632, 5.7], [1706105111.2819505, 5.7], [1706105112.2867255, 4.6], [1706105113.2903464, 3.1], [1706105114.3011653, 4.1]], "memory_usage": [[1706105029.8719757, 24.4], [1706105030.877429, 24.4], [1706105031.8816528, 24.5], [1706105032.8856332, 24.6], [1706105033.8897297, 25.5], [1706105034.8940618, 25.7], [1706105035.897982, 26.2], [1706105036.9023993, 26.6], [1706105037.9063368, 26.8], [1706105038.910351, 27.0], [1706105039.9155412, 27.2], [1706105040.9204445, 27.9], [1706105041.9246917, 28.1], [1706105042.9285522, 28.8], [1706105043.9326327, 28.5], [1706105044.937072, 28.9], [1706105045.9412296, 29.5], [1706105046.945488, 30.2], [1706105047.9493902, 30.4], [1706105048.9541059, 31.0], [1706105049.9608107, 31.9], [1706105050.9656296, 32.5], [1706105051.9718835, 33.6], [1706105052.9778957, 34.2], [1706105053.982539, 34.6], [1706105054.9869628, 35.0], [1706105055.991649, 36.6], [1706105056.9971185, 38.1], [1706105058.001313, 38.2], [1706105059.0070946, 38.6], [1706105060.0145416, 38.9], [1706105061.0198882, 40.1], [1706105062.024969, 40.9], [1706105063.030402, 43.2], [1706105064.0357337, 44.0], [1706105065.039846, 43.8], [1706105066.0448744, 43.2], [1706105067.04911, 43.4], [1706105068.0535853, 43.3], [1706105069.057703, 42.8], [1706105070.0631797, 42.6], [1706105071.067669, 42.8], [1706105072.0720544, 42.6], [1706105073.076378, 42.5], [1706105074.0811214, 42.2], [1706105075.086132, 42.3], [1706105076.0907562, 42.5], [1706105077.095445, 42.2], [1706105078.0996919, 42.1], [1706105079.1040292, 42.1], [1706105080.1092267, 42.2], [1706105081.1136365, 42.2], [1706105082.1179435, 42.6], [1706105083.1234434, 43.3], [1706105084.127449, 43.5], [1706105085.1320696, 43.7], [1706105086.1366796, 43.5], [1706105087.1416922, 43.6], [1706105088.1457605, 43.7], [1706105089.149894, 43.6], [1706105090.1552665, 43.6], [1706105091.1600409, 43.6], [1706105092.1640446, 43.5], [1706105093.168971, 43.5], [1706105094.174342, 43.5], [1706105095.1782405, 43.5], [1706105096.1827564, 43.4], [1706105097.187697, 43.4], [1706105098.1923246, 43.4], [1706105099.1967695, 43.4], [1706105100.205635, 43.4], [1706105101.2184215, 43.3], [1706105102.2262135, 43.3], [1706105103.2347803, 43.3], [1706105104.2431395, 43.3], [1706105105.2479558, 43.3], [1706105106.2523246, 42.6], [1706105107.2566788, 42.6], [1706105108.261672, 32.3], [1706105109.2693725, 31.7], [1706105110.2769632, 32.0], [1706105111.2819505, 31.6], [1706105112.2867255, 31.4], [1706105113.2903464, 31.4], [1706105114.3011653, 25.0]]}