{"cpu_usage": [[1706105115.346048, 3.5], [1706105116.350656, 14.9], [1706105117.3547816, 10.9], [1706105118.358529, 8.6], [1706105119.362516, 12.4], [1706105120.3673472, 14.6], [1706105121.3717432, 7.7], [1706105122.3759508, 5.6], [1706105123.380027, 7.3], [1706105124.384462, 5.9], [1706105125.3914, 52.3], [1706105126.396267, 22.6], [1706105127.4016933, 33.7], [1706105128.4068377, 26.7], [1706105129.4119956, 24.0], [1706105130.4185524, 28.3], [1706105131.4237804, 23.0], [1706105132.429489, 27.7], [1706105133.435355, 44.2], [1706105134.4415905, 45.3], [1706105135.449188, 37.4], [1706105136.453177, 44.4], [1706105137.4577413, 36.7], [1706105138.462387, 31.3], [1706105139.468033, 34.1], [1706105140.4750867, 50.6], [1706105141.479894, 46.3], [1706105142.4854481, 64.6], [1706105143.492207, 60.8], [1706105144.4977121, 53.4], [1706105145.5034842, 48.7], [1706105146.5086021, 48.1], [1706105147.5127382, 41.3], [1706105148.519221, 39.2], [1706105149.5242455, 42.5], [1706105150.5299175, 45.3], [1706105151.5345116, 22.8], [1706105152.5385852, 28.0], [1706105153.5430744, 27.2], [1706105154.5474718, 25.0], [1706105155.55248, 18.9], [1706105156.5568156, 11.1], [1706105157.5608983, 12.2], [1706105158.5656633, 8.1], [1706105159.5701928, 16.4], [1706105160.5747209, 18.7], [1706105161.5793586, 18.4], [1706105162.5832458, 15.7], [1706105163.5883484, 13.3], [1706105164.5923793, 16.8], [1706105165.5980117, 17.2], [1706105166.6025474, 18.9], [1706105167.6073074, 17.1], [1706105168.6116672, 18.2], [1706105169.6161861, 18.7], [1706105170.6214638, 15.2], [1706105171.6269662, 11.2], [1706105172.6307812, 13.4], [1706105173.6346123, 10.9], [1706105174.6393151, 14.8], [1706105175.6450984, 16.4], [1706105176.6492496, 12.5], [1706105177.6534333, 10.3], [1706105178.6577506, 2.1], [1706105179.6658707, 1.3], [1706105180.6770546, 4.2], [1706105181.6883054, 3.3], [1706105182.7000942, 1.9], [1706105183.7133398, 1.7], [1706105184.726272, 6.0], [1706105185.733198, 3.2], [1706105186.7448654, 2.0], [1706105187.758759, 1.7], [1706105188.768703, 1.7], [1706105189.778566, 4.7], [1706105190.786907, 1.1], [1706105191.8002808, 1.5], [1706105192.8074968, 1.9], [1706105193.8170629, 1.2], [1706105194.8283892, 2.5], [1706105195.8381343, 8.5], [1706105196.8434699, 11.4], [1706105197.8475058, 14.5], [1706105198.8522766, 11.0], [1706105199.8605669, 9.9], [1706105200.8647466, 6.4], [1706105201.868805, 4.1], [1706105202.8733523, 4.3], [1706105203.877377, 4.0]], "memory_usage": [[1706105115.3462317, 24.5], [1706105116.350656, 24.5], [1706105117.3547816, 24.7], [1706105118.358529, 24.7], [1706105119.362516, 25.7], [1706105120.3673472, 25.9], [1706105121.3717432, 26.3], [1706105122.3759508, 26.6], [1706105123.380027, 26.9], [1706105124.384462, 27.1], [1706105125.3914, 27.3], [1706105126.396267, 27.9], [1706105127.4016933, 28.3], [1706105128.4068377, 28.3], [1706105129.4121954, 28.6], [1706105130.4185524, 29.4], [1706105131.423855, 29.7], [1706105132.429489, 31.2], [1706105133.435355, 32.2], [1706105134.4422703, 33.0], [1706105135.449188, 33.9], [1706105136.45348, 34.5], [1706105137.4577413, 35.0], [1706105138.462387, 35.4], [1706105139.4681277, 35.7], [1706105140.4754658, 36.3], [1706105141.4802842, 36.8], [1706105142.4854481, 38.6], [1706105143.4925973, 38.8], [1706105144.4979985, 39.3], [1706105145.5034842, 40.8], [1706105146.5086021, 41.1], [1706105147.5127382, 43.1], [1706105148.519221, 43.7], [1706105149.5245435, 43.6], [1706105150.5299175, 43.2], [1706105151.5345116, 43.3], [1706105152.5385852, 43.1], [1706105153.5430744, 42.9], [1706105154.5474718, 42.7], [1706105155.5526838, 42.8], [1706105156.5568156, 42.6], [1706105157.56102, 42.4], [1706105158.5656633, 42.3], [1706105159.5701928, 42.5], [1706105160.5747209, 42.5], [1706105161.5793586, 42.6], [1706105162.5832458, 42.7], [1706105163.5883484, 42.9], [1706105164.5923793, 43.7], [1706105165.5980117, 43.6], [1706105166.6025474, 43.5], [1706105167.6073074, 44.0], [1706105168.6116672, 44.0], [1706105169.6161861, 44.1], [1706105170.6214638, 44.6], [1706105171.6269662, 44.5], [1706105172.6307812, 44.4], [1706105173.6346123, 44.4], [1706105174.6393151, 44.4], [1706105175.6450984, 44.8], [1706105176.6492496, 44.7], [1706105177.6534333, 44.7], [1706105178.6577506, 44.7], [1706105179.6658707, 44.7], [1706105180.6770546, 44.6], [1706105181.6883054, 44.6], [1706105182.7000942, 44.6], [1706105183.7133398, 44.6], [1706105184.726272, 44.5], [1706105185.733198, 44.4], [1706105186.7448654, 44.4], [1706105187.758759, 44.4], [1706105188.768703, 44.4], [1706105189.778566, 44.4], [1706105190.786907, 44.4], [1706105191.8002808, 44.4], [1706105192.8074968, 44.4], [1706105193.8170629, 44.4], [1706105194.8283892, 44.4], [1706105195.8381343, 43.9], [1706105196.8434699, 43.6], [1706105197.8475058, 43.5], [1706105198.8522766, 31.7], [1706105199.8605669, 32.4], [1706105200.8648648, 32.2], [1706105201.868805, 32.0], [1706105202.8733523, 31.8], [1706105203.877377, 31.5]]}