{"cpu_usage": [[1706033386.5639942, 4.9], [1706033387.5686755, 12.4], [1706033388.573298, 12.0], [1706033389.5779514, 16.4], [1706033390.5830736, 9.8], [1706033391.5879724, 9.9], [1706033392.5934825, 10.2], [1706033393.5983894, 8.5], [1706033394.6027613, 33.5], [1706033395.608006, 47.1], [1706033396.6145332, 28.2], [1706033397.6207104, 46.8], [1706033398.629646, 39.8], [1706033399.6350374, 27.1], [1706033400.6404817, 59.1], [1706033401.6489558, 71.5], [1706033402.6809845, 67.3], [1706033403.689472, 61.9], [1706033404.7044487, 56.1], [1706033405.7134836, 63.9], [1706033406.7224543, 66.1], [1706033407.729621, 73.1], [1706033408.736934, 77.9], [1706033409.744274, 58.6], [1706033410.7500055, 60.2], [1706033411.756416, 53.9], [1706033412.763381, 51.0], [1706033413.7696836, 40.7], [1706033414.7754626, 39.3], [1706033415.7816691, 43.9], [1706033416.7881098, 24.3], [1706033417.793007, 14.9], [1706033418.7980509, 16.5], [1706033419.803238, 14.3], [1706033420.8088799, 29.8], [1706033421.8166413, 38.5], [1706033422.822008, 37.8], [1706033423.827989, 36.5], [1706033424.834645, 36.2], [1706033425.8407922, 38.0], [1706033426.8480947, 38.8], [1706033427.8554845, 40.8], [1706033428.8617835, 50.6], [1706033429.867303, 60.4], [1706033430.8736007, 45.4], [1706033431.8798594, 38.7], [1706033432.8858488, 44.4], [1706033433.8941765, 43.1], [1706033434.9001422, 45.0], [1706033435.9065065, 44.6], [1706033436.9135768, 40.5], [1706033437.919434, 40.8], [1706033438.9251475, 31.1], [1706033439.9311528, 23.9], [1706033440.9369383, 20.3], [1706033441.9424183, 24.1], [1706033442.9484334, 25.7], [1706033443.9543097, 14.9], [1706033444.96016, 18.0], [1706033445.9656122, 10.5], [1706033446.9723618, 13.7], [1706033447.977357, 10.4], [1706033448.98275, 12.2], [1706033449.9884856, 6.7], [1706033450.9933248, 9.0], [1706033451.998472, 13.8], [1706033453.003786, 6.8], [1706033454.0086143, 11.7], [1706033455.0144143, 37.6], [1706033456.0192842, 30.7], [1706033457.0266216, 35.0], [1706033458.0312073, 14.4], [1706033459.0359447, 11.2], [1706033460.0404267, 14.3], [1706033461.0449333, 14.5], [1706033462.0500662, 9.0]], "memory_usage": [[1706033386.5639942, 28.1], [1706033387.5686755, 28.3], [1706033388.573298, 28.9], [1706033389.5779514, 29.5], [1706033390.5830736, 29.9], [1706033391.5879724, 30.2], [1706033392.5934825, 30.6], [1706033393.5983894, 30.7], [1706033394.6027613, 31.1], [1706033395.608006, 31.6], [1706033396.6145332, 31.7], [1706033397.6207104, 32.6], [1706033398.629646, 32.7], [1706033399.6350374, 32.8], [1706033400.6404817, 36.6], [1706033401.6738458, 38.5], [1706033402.681484, 38.9], [1706033403.6896439, 40.8], [1706033404.7044487, 42.6], [1706033405.7140753, 44.2], [1706033406.7224543, 45.6], [1706033407.7297778, 47.5], [1706033408.7374325, 48.6], [1706033409.744274, 49.0], [1706033410.7500055, 49.4], [1706033411.756416, 49.6], [1706033412.7636719, 50.4], [1706033413.7696836, 50.2], [1706033414.7754626, 50.2], [1706033415.7816691, 49.7], [1706033416.7881098, 49.7], [1706033417.793123, 49.4], [1706033418.7980509, 49.2], [1706033419.803238, 49.0], [1706033420.8092735, 49.5], [1706033421.8166413, 49.7], [1706033422.822008, 50.2], [1706033423.827989, 51.0], [1706033424.834645, 51.5], [1706033425.8407922, 52.8], [1706033426.8480947, 53.9], [1706033427.8554845, 54.3], [1706033428.8617835, 54.2], [1706033429.867303, 53.9], [1706033430.8736007, 54.5], [1706033431.8798594, 54.8], [1706033432.8861618, 54.8], [1706033433.8941765, 54.9], [1706033434.9001422, 55.1], [1706033435.9065065, 55.4], [1706033436.9136434, 55.7], [1706033437.919434, 55.9], [1706033438.9251475, 56.2], [1706033439.9314966, 56.5], [1706033440.9369383, 56.7], [1706033441.9424183, 57.3], [1706033442.9484334, 57.3], [1706033443.9543097, 57.3], [1706033444.96016, 57.3], [1706033445.9656122, 57.3], [1706033446.9723618, 57.3], [1706033447.977357, 57.3], [1706033448.98275, 57.3], [1706033449.9884856, 57.3], [1706033450.9933248, 57.3], [1706033451.998472, 57.0], [1706033453.003786, 57.0], [1706033454.0086143, 56.5], [1706033455.0144143, 55.1], [1706033456.0192842, 51.2], [1706033457.0266216, 33.8], [1706033458.0312073, 33.7], [1706033459.0359447, 33.8], [1706033460.0404267, 33.7], [1706033461.0449333, 33.4], [1706033462.0500662, 33.1]]}