{"cpu_usage": [[1706105205.0069828, 4.8], [1706105206.011794, 15.0], [1706105207.016428, 9.1], [1706105208.021072, 9.6], [1706105209.0277617, 12.9], [1706105210.031826, 16.5], [1706105211.037138, 9.6], [1706105212.0413032, 7.9], [1706105213.0453765, 7.6], [1706105214.0493352, 7.7], [1706105215.0666695, 52.8], [1706105216.0710354, 21.4], [1706105217.075465, 45.7], [1706105218.0802867, 53.4], [1706105219.0874484, 72.5], [1706105220.0928013, 75.4], [1706105221.0998445, 79.3], [1706105222.119872, 69.5], [1706105223.127373, 60.6], [1706105224.1338036, 55.6], [1706105225.1403208, 62.1], [1706105226.1465893, 72.8], [1706105227.1526732, 74.3], [1706105228.1620243, 58.8], [1706105229.168795, 51.2], [1706105230.1753001, 59.3], [1706105231.18096, 39.8], [1706105232.1858513, 46.6], [1706105233.1911328, 40.0], [1706105234.1955009, 39.8], [1706105235.20204, 31.3], [1706105236.2073174, 29.5], [1706105237.212287, 31.6], [1706105238.2173245, 27.6], [1706105239.2223368, 24.4], [1706105240.2266417, 37.5], [1706105241.232394, 35.7], [1706105242.2376297, 32.8], [1706105243.2425804, 34.6], [1706105244.2473142, 34.0], [1706105245.2546258, 45.2], [1706105246.2600222, 51.5], [1706105247.2655394, 41.9], [1706105248.2713428, 28.7], [1706105249.2757578, 30.3], [1706105250.2800565, 33.6], [1706105251.2854936, 29.7], [1706105252.291049, 26.6], [1706105253.2962, 28.5], [1706105254.3016477, 33.4], [1706105255.307121, 36.9], [1706105256.3118944, 33.3], [1706105257.317504, 37.5], [1706105258.3218098, 22.8], [1706105259.3267748, 17.9], [1706105260.332586, 20.2], [1706105261.3376555, 18.0], [1706105262.3428998, 14.4], [1706105263.3475275, 17.0], [1706105264.3522322, 15.2], [1706105265.357677, 16.1], [1706105266.362309, 19.3], [1706105267.3666017, 15.5], [1706105268.3743403, 10.6], [1706105269.3848453, 10.6], [1706105270.393909, 7.4], [1706105271.3985765, 3.3], [1706105272.405362, 5.6], [1706105273.4137728, 3.6], [1706105274.419056, 11.4], [1706105275.4337718, 2.2], [1706105276.4418933, 2.9], [1706105277.4509869, 6.9], [1706105278.455618, 23.7], [1706105279.460675, 27.3], [1706105280.464745, 28.8], [1706105281.4701252, 27.5], [1706105282.4746387, 9.7], [1706105283.4787896, 6.7], [1706105284.4839242, 4.5], [1706105285.4918766, 5.7], [1706105286.4966788, 5.5], [1706105287.5004876, 9.5]], "memory_usage": [[1706105205.0078704, 24.6], [1706105206.011794, 24.7], [1706105207.016428, 24.8], [1706105208.021072, 24.8], [1706105209.0277617, 25.8], [1706105210.031826, 26.0], [1706105211.037138, 26.4], [1706105212.0413032, 26.7], [1706105213.0453765, 26.9], [1706105214.0493352, 27.2], [1706105215.0666695, 27.4], [1706105216.0710354, 27.9], [1706105217.075465, 28.7], [1706105218.0802867, 31.7], [1706105219.0874484, 33.2], [1706105220.0932055, 35.3], [1706105221.1007936, 36.4], [1706105222.119872, 38.6], [1706105223.127373, 40.3], [1706105224.13418, 41.6], [1706105225.140659, 42.6], [1706105226.1465893, 43.5], [1706105227.1528635, 43.9], [1706105228.16234, 45.2], [1706105229.168795, 47.0], [1706105230.1755707, 47.1], [1706105231.18096, 47.4], [1706105232.185909, 47.4], [1706105233.1911328, 48.8], [1706105234.1955009, 49.4], [1706105235.2023454, 49.7], [1706105236.2073174, 50.8], [1706105237.212287, 50.7], [1706105238.2173245, 50.5], [1706105239.2223368, 50.2], [1706105240.2266417, 50.3], [1706105241.232394, 50.5], [1706105242.2376297, 50.7], [1706105243.2425804, 51.2], [1706105244.2473142, 52.0], [1706105245.2548048, 52.2], [1706105246.26026, 53.4], [1706105247.2655394, 54.0], [1706105248.2713428, 54.4], [1706105249.275809, 54.7], [1706105250.2803571, 54.8], [1706105251.2854936, 55.0], [1706105252.291049, 55.4], [1706105253.2962, 55.7], [1706105254.3016477, 56.2], [1706105255.307121, 56.5], [1706105256.3118944, 57.0], [1706105257.317504, 57.0], [1706105258.3219237, 57.0], [1706105259.3267748, 56.8], [1706105260.332586, 56.9], [1706105261.3376555, 56.9], [1706105262.3428998, 57.0], [1706105263.3475275, 57.1], [1706105264.3522322, 57.1], [1706105265.357677, 57.5], [1706105266.362309, 57.4], [1706105267.3666017, 57.4], [1706105268.3769352, 57.4], [1706105269.3848453, 57.3], [1706105270.393909, 57.2], [1706105271.3985765, 57.2], [1706105272.405362, 57.3], [1706105273.4137728, 57.2], [1706105274.419056, 57.4], [1706105275.4337718, 57.4], [1706105276.4428926, 57.3], [1706105277.4509869, 57.3], [1706105278.455618, 56.5], [1706105279.460675, 55.7], [1706105280.464745, 50.4], [1706105281.4701252, 34.1], [1706105282.4746387, 31.6], [1706105283.4787896, 31.5], [1706105284.4839242, 31.2], [1706105285.4918766, 30.8], [1706105286.4966788, 30.8], [1706105287.5004876, 30.8]]}