{"cpu_usage": [[1706105288.5429018, 6.1], [1706105289.5473492, 17.7], [1706105290.551627, 14.7], [1706105291.5568154, 12.8], [1706105292.5627744, 20.4], [1706105293.5670831, 17.1], [1706105294.572453, 10.0], [1706105295.5773907, 9.6], [1706105296.5821397, 10.4], [1706105297.5875401, 7.9], [1706105298.5921106, 33.0], [1706105299.5979152, 40.2], [1706105300.6016912, 41.8], [1706105301.60643, 44.3], [1706105302.6135473, 50.4], [1706105303.6201367, 75.1], [1706105304.6270916, 73.9], [1706105305.6357474, 76.1], [1706105306.6510043, 72.0], [1706105307.6674552, 64.7], [1706105308.675036, 58.6], [1706105309.6805959, 45.3], [1706105310.687235, 73.9], [1706105311.694043, 74.1], [1706105312.7030756, 64.9], [1706105313.708556, 53.7], [1706105314.715064, 51.2], [1706105315.7200525, 48.7], [1706105316.7265573, 40.1], [1706105317.732757, 45.9], [1706105318.7381692, 41.8], [1706105319.7432005, 30.3], [1706105320.748815, 29.1], [1706105321.7548087, 23.2], [1706105322.7598155, 21.4], [1706105323.764733, 29.4], [1706105324.7694194, 32.3], [1706105325.7758486, 42.7], [1706105326.7821348, 42.5], [1706105327.7871838, 34.7], [1706105328.7928474, 32.3], [1706105329.7998807, 33.0], [1706105330.8048902, 37.5], [1706105331.810141, 42.3], [1706105332.8161755, 31.1], [1706105333.8206403, 32.9], [1706105334.8264122, 32.6], [1706105335.8314857, 35.4], [1706105336.8399174, 30.1], [1706105337.84512, 29.0], [1706105338.850621, 30.2], [1706105339.8557324, 36.8], [1706105340.8609648, 43.0], [1706105341.8653421, 38.4], [1706105342.8707688, 32.2], [1706105343.8750975, 22.2], [1706105344.8795438, 25.0], [1706105345.8839405, 27.9], [1706105346.8889577, 22.8], [1706105347.8934994, 19.6], [1706105348.8988605, 13.4], [1706105349.9040394, 7.4], [1706105350.9092824, 7.3], [1706105351.9170513, 2.6], [1706105352.924101, 3.1], [1706105353.93322, 4.7], [1706105354.9381316, 4.0], [1706105355.9450037, 2.2], [1706105356.950078, 14.3], [1706105357.958427, 7.0], [1706105358.9637766, 4.1], [1706105359.9700253, 18.8], [1706105360.9747493, 25.1], [1706105361.9799607, 24.2], [1706105362.9852126, 20.6], [1706105363.9894302, 6.3], [1706105364.9932683, 7.6], [1706105365.9984202, 9.7], [1706105367.0035124, 8.4], [1706105368.008438, 4.2], [1706105369.0214694, 4.0]], "memory_usage": [[1706105288.542992, 24.3], [1706105289.5473492, 24.3], [1706105290.552204, 24.5], [1706105291.5568154, 24.5], [1706105292.5627744, 25.1], [1706105293.5670831, 25.6], [1706105294.572453, 26.0], [1706105295.5773907, 26.3], [1706105296.5821397, 26.5], [1706105297.5875401, 26.7], [1706105298.5921106, 27.0], [1706105299.5979152, 27.4], [1706105300.6016912, 27.8], [1706105301.60643, 28.5], [1706105302.6140559, 30.6], [1706105303.620641, 32.8], [1706105304.6270916, 33.2], [1706105305.6416478, 35.8], [1706105306.6510043, 38.1], [1706105307.6674552, 39.5], [1706105308.675036, 40.8], [1706105309.6808105, 41.6], [1706105310.6877623, 42.2], [1706105311.6944308, 43.3], [1706105312.7030756, 44.3], [1706105313.7089458, 46.3], [1706105314.715064, 47.0], [1706105315.7200525, 47.1], [1706105316.7265573, 46.9], [1706105317.732757, 48.3], [1706105318.738479, 48.3], [1706105319.7432005, 49.1], [1706105320.748815, 51.0], [1706105321.7548087, 51.3], [1706105322.7600088, 51.1], [1706105323.764733, 50.8], [1706105324.769636, 50.7], [1706105325.7758486, 51.0], [1706105326.7821348, 50.8], [1706105327.7871838, 51.0], [1706105328.7928474, 51.8], [1706105329.7998807, 52.4], [1706105330.805009, 53.0], [1706105331.810141, 54.2], [1706105332.8161755, 54.6], [1706105333.8206403, 55.1], [1706105334.8264122, 55.1], [1706105335.8314857, 55.3], [1706105336.8399174, 55.8], [1706105337.8453772, 55.9], [1706105338.8507116, 56.2], [1706105339.8557324, 56.9], [1706105340.8611186, 57.3], [1706105341.865699, 57.3], [1706105342.8707688, 57.4], [1706105343.8750975, 57.5], [1706105344.8795438, 57.7], [1706105345.8839405, 57.9], [1706105346.8889577, 57.8], [1706105347.8934994, 57.8], [1706105348.8988605, 57.9], [1706105349.9040394, 57.8], [1706105350.9092824, 57.7], [1706105351.9170513, 57.8], [1706105352.924101, 57.7], [1706105353.93322, 57.6], [1706105354.9381316, 57.6], [1706105355.9450037, 57.6], [1706105356.950078, 57.7], [1706105357.958427, 57.7], [1706105358.9637766, 57.7], [1706105359.9700253, 56.2], [1706105360.9747493, 56.0], [1706105361.9803083, 50.7], [1706105362.9852126, 30.8], [1706105363.9894302, 31.7], [1706105364.9932683, 31.4], [1706105365.9984202, 31.3], [1706105367.0035124, 31.0], [1706105368.008438, 31.0], [1706105369.0214694, 24.7]]}