{"cpu_usage": [[1706105370.0591307, 4.5], [1706105371.063769, 17.0], [1706105372.0694451, 17.6], [1706105373.0736194, 12.9], [1706105374.0777192, 16.7], [1706105375.081998, 17.3], [1706105376.0865374, 9.0], [1706105377.0910277, 7.1], [1706105378.0954542, 8.8], [1706105379.1005297, 5.2], [1706105380.108747, 34.5], [1706105381.1147573, 32.1], [1706105382.118885, 38.8], [1706105383.1457686, 37.3], [1706105384.1528804, 59.7], [1706105385.159, 70.6], [1706105386.1657634, 69.6], [1706105387.1716313, 70.2], [1706105388.1789896, 67.8], [1706105389.1863012, 62.9], [1706105390.194739, 49.5], [1706105391.2005246, 48.6], [1706105392.205739, 67.5], [1706105393.2120252, 67.7], [1706105394.2181077, 61.9], [1706105395.2266688, 53.1], [1706105396.2317145, 53.6], [1706105397.2377791, 54.6], [1706105398.242678, 44.3], [1706105399.248075, 39.1], [1706105400.2541814, 36.8], [1706105401.2592676, 33.7], [1706105402.2664015, 25.1], [1706105403.272167, 28.2], [1706105404.2775362, 35.1], [1706105405.2824411, 28.2], [1706105406.2875078, 21.1], [1706105407.2929728, 18.7], [1706105408.2972484, 27.0], [1706105409.3022115, 35.8], [1706105410.3092113, 33.1], [1706105411.314011, 35.7], [1706105412.3194804, 37.1], [1706105413.3253245, 31.5], [1706105414.3330464, 29.0], [1706105415.3389134, 31.4], [1706105416.344356, 32.0], [1706105417.349194, 28.1], [1706105418.353669, 31.9], [1706105419.3583202, 30.9], [1706105420.3648262, 29.7], [1706105421.3713112, 33.6], [1706105422.3763764, 41.4], [1706105423.3810618, 44.3], [1706105424.3870413, 35.9], [1706105425.391733, 30.6], [1706105426.3966095, 31.5], [1706105427.4009924, 24.1], [1706105428.405598, 30.2], [1706105429.409874, 19.9], [1706105430.4157424, 12.6], [1706105431.4202113, 9.4], [1706105432.4274664, 12.2], [1706105433.4320662, 8.3], [1706105434.441888, 9.7], [1706105435.447226, 8.0], [1706105436.452073, 9.5], [1706105437.4568183, 10.9], [1706105438.4653137, 11.7], [1706105439.4695888, 6.6], [1706105440.4753726, 12.1], [1706105441.4812405, 20.9], [1706105442.4863262, 24.4], [1706105443.4925401, 22.0], [1706105444.4974067, 7.5], [1706105445.5013394, 6.4], [1706105446.5059211, 4.4], [1706105447.5102696, 4.1], [1706105448.5149639, 4.8], [1706105449.5256944, 5.6]], "memory_usage": [[1706105370.0594678, 24.4], [1706105371.063769, 24.4], [1706105372.0694451, 24.6], [1706105373.0736194, 24.5], [1706105374.0777192, 25.5], [1706105375.081998, 25.7], [1706105376.0865374, 26.1], [1706105377.0910277, 26.4], [1706105378.0954542, 26.6], [1706105379.1005297, 26.8], [1706105380.108747, 27.2], [1706105381.1147573, 27.7], [1706105382.1193044, 28.4], [1706105383.1461358, 29.3], [1706105384.1528804, 32.3], [1706105385.159499, 33.8], [1706105386.1657634, 35.0], [1706105387.1717155, 36.9], [1706105388.1789896, 38.7], [1706105389.1866746, 40.5], [1706105390.194739, 41.9], [1706105391.2005246, 42.7], [1706105392.205739, 43.3], [1706105393.2121046, 44.1], [1706105394.2186077, 45.2], [1706105395.2266688, 46.7], [1706105396.2317145, 47.0], [1706105397.237838, 47.2], [1706105398.2427976, 47.3], [1706105399.2485077, 47.6], [1706105400.2541814, 49.3], [1706105401.2594595, 49.5], [1706105402.2667565, 51.2], [1706105403.272167, 51.2], [1706105404.2777047, 51.0], [1706105405.2827432, 50.7], [1706105406.2875078, 50.8], [1706105407.2929728, 50.3], [1706105408.2972484, 50.1], [1706105409.3022115, 50.2], [1706105410.3092113, 50.9], [1706105411.314011, 51.2], [1706105412.3194804, 51.6], [1706105413.3253245, 52.1], [1706105414.3330464, 53.8], [1706105415.3389134, 54.1], [1706105416.344356, 54.1], [1706105417.349194, 55.0], [1706105418.353669, 55.4], [1706105419.3583887, 55.3], [1706105420.3648262, 55.6], [1706105421.3713863, 56.5], [1706105422.3763764, 56.4], [1706105423.3810618, 56.5], [1706105424.3872995, 56.7], [1706105425.3918881, 57.1], [1706105426.3966095, 57.4], [1706105427.4009924, 57.5], [1706105428.405598, 57.8], [1706105429.409874, 57.9], [1706105430.4157424, 57.7], [1706105431.4202113, 57.5], [1706105432.4274664, 57.5], [1706105433.4320662, 57.5], [1706105434.441888, 57.5], [1706105435.447226, 57.4], [1706105436.452073, 57.4], [1706105437.4568183, 57.3], [1706105438.4653137, 57.3], [1706105439.4695888, 57.3], [1706105440.4753726, 56.3], [1706105441.4812405, 55.5], [1706105442.4863262, 54.1], [1706105443.4925401, 32.3], [1706105444.4974067, 31.6], [1706105445.5013394, 31.5], [1706105446.5059211, 31.2], [1706105447.5102696, 30.8], [1706105448.5149639, 30.8], [1706105449.5256944, 24.6]]}