{"cpu_usage": [[1706105450.5645258, 2.8], [1706105451.5692444, 17.3], [1706105452.574101, 13.8], [1706105453.5779035, 13.7], [1706105454.582443, 16.2], [1706105455.586184, 17.9], [1706105456.591976, 12.1], [1706105457.5966072, 10.0], [1706105458.601077, 10.6], [1706105459.6056612, 9.1], [1706105460.6269784, 53.4], [1706105461.6335468, 35.9], [1706105462.639276, 43.1], [1706105463.6435053, 43.9], [1706105464.648623, 35.8], [1706105465.6538486, 31.1], [1706105466.659463, 36.7], [1706105467.6635652, 36.4], [1706105468.669977, 72.2], [1706105469.6841903, 82.6], [1706105470.6924653, 73.0], [1706105471.6985717, 79.8], [1706105472.7053554, 64.0], [1706105473.7122478, 71.6], [1706105474.7186253, 66.5], [1706105475.7251008, 46.5], [1706105476.7294884, 55.2], [1706105477.7357578, 72.9], [1706105478.741303, 54.3], [1706105479.750499, 61.8], [1706105480.7572975, 45.9], [1706105481.76216, 52.3], [1706105482.7667823, 51.7], [1706105483.7731748, 53.1], [1706105484.7780323, 39.5], [1706105485.7831354, 29.6], [1706105486.7890995, 30.2], [1706105487.7936096, 27.9], [1706105488.7986617, 21.8], [1706105489.803193, 22.7], [1706105490.809057, 17.4], [1706105491.8136988, 16.1], [1706105492.818897, 28.6], [1706105493.8238015, 31.2], [1706105494.8291924, 30.8], [1706105495.8343709, 28.7], [1706105496.8406587, 27.2], [1706105497.8454351, 24.0], [1706105498.8512487, 23.2], [1706105499.856351, 23.9], [1706105500.8621933, 24.2], [1706105501.8672059, 21.8], [1706105502.872164, 25.4], [1706105503.8769157, 34.1], [1706105504.8823366, 24.2], [1706105505.8868659, 28.8], [1706105506.891176, 35.6], [1706105507.8966267, 39.7], [1706105508.9030132, 37.6], [1706105509.9076009, 36.3], [1706105510.912992, 25.5], [1706105511.9181585, 24.2], [1706105512.9237986, 27.6], [1706105513.928157, 26.8], [1706105514.932861, 16.4], [1706105515.9377117, 11.2], [1706105516.9426117, 2.5], [1706105517.9497726, 1.9], [1706105518.9604285, 3.5], [1706105519.9656565, 2.5], [1706105520.9789443, 2.5], [1706105521.991474, 2.3], [1706105522.9989202, 5.7], [1706105524.0036998, 4.2], [1706105525.01087, 3.0], [1706105526.0161505, 14.0], [1706105527.0220366, 20.3], [1706105528.026555, 32.1], [1706105529.0319035, 27.1], [1706105530.037044, 12.5], [1706105531.04292, 5.3], [1706105532.0464032, 6.0], [1706105533.055827, 3.1], [1706105534.0636094, 4.2], [1706105535.0675638, 5.3], [1706105536.0721498, 6.0]], "memory_usage": [[1706105450.5645258, 24.1], [1706105451.5694509, 24.2], [1706105452.574101, 24.3], [1706105453.5779035, 24.3], [1706105454.582443, 25.3], [1706105455.586184, 25.4], [1706105456.5921474, 25.9], [1706105457.5966072, 26.3], [1706105458.601077, 26.5], [1706105459.6056612, 26.8], [1706105460.6277165, 27.3], [1706105461.6335468, 27.4], [1706105462.639276, 27.7], [1706105463.643648, 28.4], [1706105464.648623, 28.7], [1706105465.6538486, 29.3], [1706105466.659463, 29.8], [1706105467.6638849, 30.7], [1706105468.670164, 34.9], [1706105469.6846895, 36.9], [1706105470.6929233, 37.9], [1706105471.6990461, 39.2], [1706105472.7054973, 40.6], [1706105473.7124774, 41.5], [1706105474.7186253, 42.5], [1706105475.7251008, 43.2], [1706105476.729567, 43.7], [1706105477.7357578, 44.2], [1706105478.7419026, 44.8], [1706105479.7506022, 46.8], [1706105480.7577133, 47.5], [1706105481.76216, 48.7], [1706105482.7670808, 49.0], [1706105483.7732375, 49.5], [1706105484.7783225, 49.3], [1706105485.783257, 49.6], [1706105486.7890995, 51.2], [1706105487.7936096, 51.1], [1706105488.7986617, 50.8], [1706105489.803193, 50.5], [1706105490.809057, 50.7], [1706105491.8136988, 50.3], [1706105492.818897, 50.2], [1706105493.8238015, 50.2], [1706105494.8291924, 50.8], [1706105495.8343709, 51.2], [1706105496.8406587, 51.6], [1706105497.8454351, 52.4], [1706105498.8512487, 53.9], [1706105499.856351, 53.8], [1706105500.8621933, 54.4], [1706105501.8672059, 55.0], [1706105502.872164, 55.1], [1706105503.8769157, 55.3], [1706105504.8823366, 55.8], [1706105505.8868659, 56.4], [1706105506.8914807, 56.4], [1706105507.8968284, 56.4], [1706105508.9031122, 56.6], [1706105509.9076009, 57.3], [1706105510.912992, 57.3], [1706105511.9181585, 57.5], [1706105512.9237986, 57.7], [1706105513.928157, 57.9], [1706105514.932861, 57.7], [1706105515.9377117, 57.6], [1706105516.9426117, 57.6], [1706105517.9497726, 57.6], [1706105518.9604285, 57.5], [1706105519.9656565, 57.5], [1706105520.9789443, 57.5], [1706105521.991474, 57.5], [1706105522.9989202, 57.4], [1706105524.0036998, 57.4], [1706105525.01087, 57.4], [1706105526.0161505, 56.8], [1706105527.0220366, 56.0], [1706105528.026555, 54.2], [1706105529.0319035, 37.9], [1706105530.037044, 31.3], [1706105531.04292, 31.2], [1706105532.0464032, 30.9], [1706105533.055827, 30.7], [1706105534.0636094, 30.6], [1706105535.0675638, 30.4], [1706105536.0721498, 25.7]]}