{"cpu_usage": [[1706096403.1723397, 31.1], [1706096404.1768935, 8.8], [1706096405.1813726, 7.5], [1706096406.1859276, 17.4], [1706096407.1903477, 7.7], [1706096408.1950011, 6.7], [1706096409.1987376, 4.7], [1706096410.2085142, 16.5], [1706096411.2123177, 22.8], [1706096412.2163928, 34.8], [1706096413.2214606, 23.4], [1706096414.2253954, 16.1], [1706096415.229601, 17.4], [1706096416.238208, 4.3], [1706096417.2446036, 4.8], [1706096418.2484403, 8.7], [1706096419.2530973, 9.6], [1706096420.257802, 8.6], [1706096421.2621021, 8.5], [1706096422.266352, 9.1], [1706096423.27163, 9.5], [1706096424.275744, 5.6], [1706096425.280778, 7.0], [1706096426.2894588, 2.0], [1706096427.2997177, 1.6], [1706096428.3114612, 0.5], [1706096429.3230157, 0.9], [1706096430.3360634, 3.6], [1706096431.344295, 7.6], [1706096432.3485055, 12.0], [1706096433.353367, 9.0], [1706096434.3577452, 5.6], [1706096435.3618703, 3.8], [1706096436.3678894, 8.0], [1706096437.3721135, 9.0], [1706096438.376558, 16.7], [1706096439.381358, 9.4], [1706096440.385119, 11.0], [1706096441.38892, 4.3], [1706096442.4004557, 20.8], [1706096443.4059556, 25.4], [1706096444.4100761, 35.8], [1706096445.4151902, 22.6], [1706096446.4198167, 15.0], [1706096447.4241145, 17.9], [1706096448.428122, 7.4], [1706096449.4326005, 9.1], [1706096450.4372683, 8.9], [1706096451.4411876, 8.6], [1706096452.4449978, 8.3], [1706096453.4502504, 8.9], [1706096454.4553554, 10.5], [1706096455.4596999, 6.2], [1706096456.464469, 6.1], [1706096457.472356, 1.0], [1706096458.4795847, 0.8], [1706096459.490029, 0.6], [1706096460.5030887, 3.0], [1706096461.5071976, 2.9], [1706096462.518201, 4.0], [1706096463.5241284, 10.3], [1706096464.5283153, 13.3], [1706096465.5338724, 8.4], [1706096466.5377514, 3.9], [1706096467.5420613, 3.5], [1706096468.5477197, 2.6], [1706096469.5570524, 2.8], [1706096470.5661945, 4.3], [1706096471.5703058, 33.1], [1706096472.5751085, 43.5]], "memory_usage": [[1706096403.1723397, 24.3], [1706096404.1768935, 24.5], [1706096405.1813726, 25.5], [1706096406.1859276, 25.9], [1706096407.1903477, 26.2], [1706096408.1950011, 26.5], [1706096409.1987376, 26.7], [1706096410.2085142, 27.2], [1706096411.2123177, 29.2], [1706096412.2163928, 29.7], [1706096413.2214606, 30.8], [1706096414.2253954, 31.6], [1706096415.229601, 32.3], [1706096416.238208, 32.3], [1706096417.2446036, 32.5], [1706096418.2484403, 32.7], [1706096419.2530973, 32.9], [1706096420.257802, 33.2], [1706096421.2621021, 33.5], [1706096422.266352, 34.0], [1706096423.27163, 34.4], [1706096424.275744, 34.9], [1706096425.280778, 34.7], [1706096426.2894588, 34.7], [1706096427.2997177, 34.8], [1706096428.3114612, 34.8], [1706096429.3240147, 34.7], [1706096430.3360634, 34.7], [1706096431.344295, 34.3], [1706096432.3485055, 34.0], [1706096433.353367, 26.8], [1706096434.3577452, 26.4], [1706096435.3618703, 26.4], [1706096436.3678894, 24.3], [1706096437.3721135, 25.3], [1706096438.3767142, 25.7], [1706096439.381358, 26.0], [1706096440.385119, 26.3], [1706096441.38892, 26.5], [1706096442.4004557, 26.9], [1706096443.4059556, 29.2], [1706096444.411225, 29.7], [1706096445.4153564, 30.6], [1706096446.4198167, 31.4], [1706096447.4241145, 32.3], [1706096448.428122, 32.4], [1706096449.4326005, 32.6], [1706096450.4372683, 32.9], [1706096451.4411876, 33.2], [1706096452.4449978, 33.5], [1706096453.4502504, 34.0], [1706096454.4553554, 34.5], [1706096455.4596999, 34.9], [1706096456.464469, 34.7], [1706096457.472356, 34.7], [1706096458.4795847, 34.7], [1706096459.490029, 34.7], [1706096460.5030887, 34.7], [1706096461.5071976, 34.7], [1706096462.518201, 34.3], [1706096463.5241284, 34.0], [1706096464.5283153, 29.7], [1706096465.5338724, 26.7], [1706096466.5377514, 26.5], [1706096467.5420613, 26.4], [1706096468.5477197, 24.1], [1706096469.5570524, 24.1], [1706096470.5661945, 24.1], [1706096471.570721, 24.3], [1706096472.5751085, 24.6]]}