{"cpu_usage": [[1706026694.089258, 29.8], [1706026695.0937486, 13.8], [1706026696.0980642, 10.2], [1706026697.103125, 17.8], [1706026698.1084654, 8.4], [1706026699.1130364, 6.5], [1706026700.1178877, 7.5], [1706026701.122718, 11.1], [1706026702.127722, 8.5], [1706026703.1320786, 7.2], [1706026704.1381161, 10.8], [1706026705.1427205, 10.3], [1706026706.147652, 14.3], [1706026707.152697, 15.7], [1706026708.157213, 9.7], [1706026709.1619525, 12.2], [1706026710.1664855, 9.5], [1706026711.1713004, 8.7], [1706026712.175715, 10.2], [1706026713.1804173, 17.6], [1706026714.186015, 22.2], [1706026715.1903996, 10.8], [1706026716.1951053, 10.3], [1706026717.2006564, 8.9], [1706026718.2058399, 11.0], [1706026719.2103808, 12.8], [1706026720.2148335, 7.1], [1706026721.2200658, 6.6], [1706026722.2245562, 5.2], [1706026723.2291336, 7.5], [1706026724.2346673, 6.6], [1706026725.2402658, 9.0], [1706026726.2445886, 14.5], [1706026727.2495685, 6.3], [1706026728.2537842, 5.8], [1706026729.2612467, 20.1], [1706026730.2729652, 50.9], [1706026731.2783012, 37.7]], "memory_usage": [[1706026694.089258, 26.8], [1706026695.0937486, 27.0], [1706026696.0980642, 28.1], [1706026697.103125, 28.4], [1706026698.1084654, 28.7], [1706026699.1130364, 28.9], [1706026700.118075, 29.3], [1706026701.122718, 29.3], [1706026702.127722, 29.5], [1706026703.1320786, 29.6], [1706026704.1381161, 29.8], [1706026705.1427205, 30.0], [1706026706.147652, 30.0], [1706026707.152697, 30.7], [1706026708.157213, 30.8], [1706026709.1619525, 30.6], [1706026710.1664855, 30.4], [1706026711.1713004, 30.3], [1706026712.175715, 26.9], [1706026713.1804173, 27.9], [1706026714.186015, 28.2], [1706026715.1903996, 28.6], [1706026716.1951053, 28.9], [1706026717.2006564, 29.3], [1706026718.2058399, 29.4], [1706026719.2103808, 29.6], [1706026720.2148335, 29.7], [1706026721.2200658, 29.8], [1706026722.2245562, 29.9], [1706026723.2291336, 30.2], [1706026724.2346673, 30.7], [1706026725.2402658, 30.6], [1706026726.2445886, 30.6], [1706026727.2495685, 30.4], [1706026728.2537842, 27.3], [1706026729.2669601, 27.0], [1706026730.2729652, 27.5], [1706026731.2783012, 27.0]]}