{"cpu_usage": [[1706026732.3262336, 32.3], [1706026733.3320308, 14.0], [1706026734.3366907, 10.9], [1706026735.3413687, 18.3], [1706026736.3460617, 8.8], [1706026737.3513868, 8.6], [1706026738.3566585, 7.7], [1706026739.3611567, 9.9], [1706026740.365442, 13.7], [1706026741.36994, 8.2], [1706026742.3754296, 7.1], [1706026743.380097, 8.5], [1706026744.3846319, 7.2], [1706026745.3893366, 7.6], [1706026746.393813, 5.1], [1706026747.3985791, 11.8], [1706026748.4025369, 5.2], [1706026749.4076262, 5.6], [1706026750.4121664, 12.7], [1706026751.4168937, 17.1], [1706026752.4225106, 10.5], [1706026753.4271202, 7.0], [1706026754.431538, 7.9], [1706026755.436419, 7.2], [1706026756.4409118, 14.3], [1706026757.445489, 7.2], [1706026758.4508586, 6.2], [1706026759.4556196, 8.0], [1706026760.4609854, 5.1], [1706026761.4658916, 7.1], [1706026762.4709454, 8.3], [1706026763.4760828, 10.2], [1706026764.4806116, 10.6], [1706026765.4846272, 5.0], [1706026766.49037, 4.5], [1706026767.4964855, 16.8], [1706026768.5032606, 44.0], [1706026769.5385413, 36.6]], "memory_usage": [[1706026732.3262336, 26.8], [1706026733.3320308, 27.0], [1706026734.3366907, 28.0], [1706026735.3413687, 28.3], [1706026736.3460617, 28.7], [1706026737.3513868, 28.9], [1706026738.3566585, 29.3], [1706026739.3611567, 29.4], [1706026740.365442, 29.5], [1706026741.36994, 29.6], [1706026742.3754296, 29.7], [1706026743.380097, 29.9], [1706026744.3846319, 30.3], [1706026745.3893366, 30.5], [1706026746.393813, 30.5], [1706026747.3985791, 30.3], [1706026748.4025369, 30.2], [1706026749.4076262, 26.7], [1706026750.4121664, 27.0], [1706026751.4168937, 28.0], [1706026752.4225106, 28.3], [1706026753.4271202, 28.6], [1706026754.431538, 28.9], [1706026755.436419, 29.1], [1706026756.4409118, 29.3], [1706026757.445489, 29.5], [1706026758.4508586, 29.6], [1706026759.4556196, 29.7], [1706026760.4609854, 29.9], [1706026761.4658916, 30.4], [1706026762.4709454, 30.6], [1706026763.4760828, 30.5], [1706026764.4806116, 30.3], [1706026765.4846272, 30.2], [1706026766.49037, 26.7], [1706026767.4964855, 26.6], [1706026768.5192091, 27.2], [1706026769.5385413, 26.9]]}