{"cpu_usage": [[1706026655.7323453, 3.2], [1706026656.7372973, 9.9], [1706026657.74319, 10.3], [1706026658.7475939, 16.5], [1706026659.7526062, 7.4], [1706026660.756985, 7.9], [1706026661.7615657, 9.3], [1706026662.76647, 9.5], [1706026663.7717903, 6.2], [1706026664.7770154, 5.4], [1706026665.7828262, 5.8], [1706026666.7878337, 5.3], [1706026667.7933812, 5.8], [1706026668.7987254, 5.4], [1706026669.8037379, 5.7], [1706026670.8085887, 12.5], [1706026671.8134992, 6.6], [1706026672.822173, 4.3], [1706026673.8298547, 11.9], [1706026674.8345366, 17.8], [1706026675.8403692, 9.9], [1706026676.844936, 6.5], [1706026677.849763, 8.1], [1706026678.8543458, 6.0], [1706026679.8589566, 12.0], [1706026680.8641653, 6.0], [1706026681.8692753, 6.3], [1706026682.8743765, 6.7], [1706026683.8790624, 8.7], [1706026684.8845592, 10.5], [1706026685.8902483, 6.3], [1706026686.894872, 6.7], [1706026687.8997529, 10.7], [1706026688.9044461, 6.4], [1706026689.9092572, 4.6], [1706026690.9142838, 6.7], [1706026691.9185932, 35.8], [1706026692.9411087, 40.1]], "memory_usage": [[1706026655.7324915, 26.6], [1706026656.7372973, 26.8], [1706026657.74319, 27.9], [1706026658.7475939, 28.3], [1706026659.7526062, 28.6], [1706026660.756985, 29.0], [1706026661.7615657, 29.2], [1706026662.76647, 29.4], [1706026663.7717903, 29.5], [1706026664.7770154, 29.7], [1706026665.7828262, 29.8], [1706026666.7878337, 29.9], [1706026667.7933812, 30.4], [1706026668.7987254, 30.7], [1706026669.8037379, 30.6], [1706026670.8085887, 30.4], [1706026671.8134992, 30.3], [1706026672.822173, 26.8], [1706026673.8298547, 27.6], [1706026674.8345366, 28.0], [1706026675.8403692, 28.4], [1706026676.844936, 28.8], [1706026677.849763, 29.1], [1706026678.8545597, 29.2], [1706026679.859216, 29.5], [1706026680.8641653, 29.7], [1706026681.8692753, 29.7], [1706026682.8743765, 29.9], [1706026683.8790624, 30.0], [1706026684.8845592, 30.5], [1706026685.8902483, 30.7], [1706026686.894872, 30.6], [1706026687.8997529, 30.6], [1706026688.9044461, 30.4], [1706026689.9092572, 30.2], [1706026690.9143531, 26.8], [1706026691.9188657, 27.4], [1706026693.034383, 27.5]]}