{"cpu_usage": [[1706028051.8004193, 35.6], [1706028052.8062851, 11.4], [1706028053.8108404, 8.7], [1706028054.8160853, 17.4], [1706028055.8215604, 6.5], [1706028056.8258176, 7.9], [1706028057.8303783, 6.6], [1706028058.8347874, 16.4], [1706028059.8401737, 23.2], [1706028060.8464968, 33.7], [1706028061.8525908, 23.2], [1706028062.8572857, 17.6], [1706028063.8633037, 20.7], [1706028064.8682334, 14.6], [1706028065.8735058, 14.5], [1706028066.878261, 13.8], [1706028067.8822846, 13.2], [1706028068.8868852, 13.4], [1706028069.891854, 15.1], [1706028070.8959963, 15.1], [1706028071.902083, 11.5], [1706028072.906221, 3.2], [1706028073.9109888, 2.6], [1706028074.915384, 2.9], [1706028075.9193754, 1.9], [1706028076.9235444, 2.8], [1706028077.9280667, 2.5], [1706028078.9323704, 5.9], [1706028079.9379747, 12.6], [1706028080.942476, 11.2], [1706028081.9487293, 13.5], [1706028082.9543493, 8.5], [1706028083.9586637, 8.0], [1706028084.9630477, 8.5], [1706028085.970764, 14.2], [1706028086.9750476, 14.6], [1706028087.979569, 10.0], [1706028088.9839277, 6.6], [1706028089.9892867, 8.5], [1706028090.9944134, 6.9], [1706028092.0002658, 22.7], [1706028093.0057774, 20.8], [1706028094.0114465, 34.2], [1706028095.0165665, 22.2], [1706028096.0208828, 16.1], [1706028097.0257387, 18.3], [1706028098.0310526, 13.5], [1706028099.03589, 14.4], [1706028100.0405285, 14.0], [1706028101.0458298, 13.8], [1706028102.0520756, 13.5], [1706028103.0573282, 14.2], [1706028104.0622952, 15.2], [1706028105.0675147, 12.0], [1706028106.0740583, 3.3], [1706028107.0813239, 2.8], [1706028108.0914748, 8.7], [1706028109.0994542, 8.0], [1706028110.109941, 2.4], [1706028111.1181715, 5.3], [1706028112.1264825, 9.0], [1706028113.1317422, 14.1], [1706028114.1366227, 11.5], [1706028115.141121, 7.3], [1706028116.1457157, 6.1], [1706028117.1500077, 4.7], [1706028118.1565316, 6.6], [1706028119.1617172, 36.8], [1706028120.1657653, 32.9], [1706028121.1777732, 42.1]], "memory_usage": [[1706028051.8004193, 26.5], [1706028052.8062851, 26.8], [1706028053.8108404, 27.8], [1706028054.8160853, 28.1], [1706028055.8215604, 28.5], [1706028056.8258176, 28.8], [1706028057.8303783, 29.0], [1706028058.8347874, 29.3], [1706028059.8401737, 30.6], [1706028060.8464968, 32.1], [1706028061.8525908, 32.8], [1706028062.8572857, 33.7], [1706028063.8633037, 34.4], [1706028064.8682334, 34.8], [1706028065.8735058, 35.2], [1706028066.878261, 35.6], [1706028067.8822846, 36.0], [1706028068.8868852, 36.4], [1706028069.891854, 36.9], [1706028070.8959963, 37.8], [1706028071.902083, 38.6], [1706028072.906221, 38.6], [1706028073.9109888, 38.4], [1706028074.915384, 38.4], [1706028075.9193754, 38.4], [1706028076.9235444, 38.4], [1706028077.9280667, 38.4], [1706028078.9323704, 38.4], [1706028079.9379747, 37.6], [1706028080.942476, 37.4], [1706028081.9487293, 29.1], [1706028082.9544466, 28.8], [1706028083.9586637, 28.8], [1706028084.963136, 26.5], [1706028085.970764, 27.4], [1706028086.975318, 27.8], [1706028087.979569, 28.2], [1706028088.9839277, 28.5], [1706028089.9892867, 28.9], [1706028090.9944134, 29.0], [1706028092.0002658, 29.5], [1706028093.0057774, 31.8], [1706028094.0114465, 32.0], [1706028095.0165665, 33.1], [1706028096.021012, 33.8], [1706028097.0257387, 34.6], [1706028098.0310526, 34.9], [1706028099.03589, 35.4], [1706028100.0405285, 35.7], [1706028101.0458298, 36.2], [1706028102.0520756, 36.6], [1706028103.0573282, 37.3], [1706028104.0622952, 38.3], [1706028105.0675147, 38.5], [1706028106.0740583, 38.4], [1706028107.0813239, 38.4], [1706028108.0914748, 38.4], [1706028109.0994542, 38.4], [1706028110.109941, 38.4], [1706028111.1181715, 38.4], [1706028112.1264825, 37.9], [1706028113.1317422, 37.7], [1706028114.1366227, 31.9], [1706028115.141121, 29.0], [1706028116.1457157, 28.8], [1706028117.1500077, 28.7], [1706028118.1565316, 26.5], [1706028119.1617172, 26.6], [1706028120.1657653, 27.0], [1706028121.1777732, 27.2]]}