{"cpu_usage": [[1706029769.4556713, 12.9], [1706029770.460697, 16.7], [1706029771.4654832, 28.6], [1706029772.4737966, 25.6], [1706029773.4788506, 27.3], [1706029774.4848077, 26.7], [1706029775.4910634, 20.6], [1706029776.4970934, 17.5], [1706029777.5023794, 20.3], [1706029778.5091105, 20.0], [1706029779.5186849, 24.0], [1706029780.5272346, 21.6], [1706029781.5331454, 25.4], [1706029782.5399003, 21.2], [1706029783.5514636, 24.3], [1706029784.561891, 21.9], [1706029785.5668068, 21.0], [1706029786.571257, 19.3], [1706029787.5760078, 17.2], [1706029788.5819077, 22.8], [1706029789.5889723, 31.2], [1706029790.593931, 20.9], [1706029791.5988407, 26.0], [1706029792.6053927, 39.7], [1706029793.6102235, 46.5], [1706029794.6163037, 53.1], [1706029795.6222749, 45.2], [1706029796.6301553, 34.5], [1706029797.6399326, 37.2], [1706029798.6464071, 42.3], [1706029799.655214, 45.7], [1706029800.6638083, 44.7], [1706029801.6731493, 28.5], [1706029802.6804216, 29.4], [1706029803.6889913, 26.9], [1706029804.6946695, 25.3], [1706029805.7006264, 25.7], [1706029806.7061112, 26.6], [1706029807.7110312, 26.8], [1706029808.7160406, 15.4], [1706029809.7228932, 16.6], [1706029810.7277813, 14.2], [1706029811.7326322, 15.4], [1706029812.7374141, 18.4], [1706029813.7429867, 17.3], [1706029814.7482147, 16.5], [1706029815.753103, 15.0], [1706029816.757706, 19.9], [1706029817.7659135, 41.8], [1706029818.7738008, 94.0], [1706029819.7832625, 92.7], [1706029820.7911878, 60.3], [1706029821.7971318, 22.2], [1706029822.8022764, 20.3], [1706029823.8070242, 17.4], [1706029824.8129244, 17.2], [1706029825.8175936, 17.1], [1706029826.8263128, 18.6], [1706029827.831201, 18.8], [1706029828.8369179, 19.6], [1706029829.84256, 18.8], [1706029830.8477077, 18.6], [1706029831.8527803, 17.3], [1706029832.8585582, 17.2], [1706029833.8639185, 16.9], [1706029834.8689926, 19.6], [1706029835.874047, 18.4], [1706029836.8793113, 18.0], [1706029837.8843074, 16.3], [1706029838.8897073, 21.2], [1706029839.8965306, 18.1], [1706029840.901412, 20.3], [1706029841.906849, 19.8], [1706029842.9115434, 17.3], [1706029843.9164422, 16.8], [1706029844.921355, 17.7], [1706029845.9262013, 18.8], [1706029846.9314926, 18.7], [1706029847.9373348, 17.2], [1706029848.9424613, 18.2], [1706029849.9484386, 18.1], [1706029850.9537857, 21.3], [1706029851.9601095, 19.8], [1706029852.9694374, 19.0], [1706029853.9810512, 16.1]], "memory_usage": [[1706029769.4561222, 46.2], [1706029770.460697, 46.3], [1706029771.4656198, 46.4], [1706029772.4737966, 46.4], [1706029773.4788506, 46.4], [1706029774.4849792, 46.4], [1706029775.4913425, 46.4], [1706029776.4970934, 46.3], [1706029777.5023794, 46.3], [1706029778.5091105, 46.3], [1706029779.5186849, 46.4], [1706029780.5275004, 46.3], [1706029781.5331454, 46.3], [1706029782.5399003, 46.9], [1706029783.5524144, 47.5], [1706029784.561891, 47.8], [1706029785.5668068, 48.2], [1706029786.571257, 48.4], [1706029787.5760078, 48.7], [1706029788.5819077, 49.0], [1706029789.5891113, 49.3], [1706029790.593931, 49.8], [1706029791.598907, 49.8], [1706029792.6053927, 49.8], [1706029793.610541, 50.0], [1706029794.6166644, 50.0], [1706029795.6224933, 49.9], [1706029796.6301553, 50.0], [1706029797.6399326, 50.5], [1706029798.6464071, 52.5], [1706029799.6555548, 53.2], [1706029800.6638083, 53.4], [1706029801.6731493, 53.5], [1706029802.6804216, 53.1], [1706029803.6889913, 52.8], [1706029804.6946695, 52.5], [1706029805.7006264, 52.8], [1706029806.7061112, 52.7], [1706029807.7110908, 52.6], [1706029808.7160406, 52.7], [1706029809.7228932, 52.6], [1706029810.7277813, 52.4], [1706029811.7326322, 52.4], [1706029812.7374141, 52.8], [1706029813.7429867, 52.7], [1706029814.7482147, 52.8], [1706029815.753103, 52.7], [1706029816.757706, 52.9], [1706029817.7659135, 53.5], [1706029818.774236, 54.0], [1706029819.7832625, 54.1], [1706029820.7911878, 54.1], [1706029821.7971318, 54.1], [1706029822.8022764, 54.1], [1706029823.8070242, 54.1], [1706029824.8129244, 54.3], [1706029825.8175936, 54.3], [1706029826.8263128, 54.3], [1706029827.831201, 54.2], [1706029828.8369179, 54.2], [1706029829.84256, 54.2], [1706029830.8477077, 54.2], [1706029831.8527803, 54.2], [1706029832.8585582, 54.2], [1706029833.8639185, 54.2], [1706029834.8689926, 54.2], [1706029835.874047, 54.3], [1706029836.8793113, 54.3], [1706029837.8843074, 54.2], [1706029838.8897073, 54.2], [1706029839.8965306, 53.9], [1706029840.9015334, 53.1], [1706029841.906849, 52.8], [1706029842.9115434, 52.9], [1706029843.9164422, 52.9], [1706029844.921355, 52.9], [1706029845.9262013, 52.9], [1706029846.9314926, 53.1], [1706029847.9373348, 53.5], [1706029848.9424613, 53.6], [1706029849.9484386, 53.5], [1706029850.954117, 53.6], [1706029851.9601095, 53.2], [1706029852.9694374, 53.2], [1706029853.9810512, 46.8]]}