{"cpu_usage": [[1706030043.233119, 12.3], [1706030044.2383652, 22.4], [1706030045.2430668, 35.4], [1706030046.2473996, 38.5], [1706030047.2526214, 21.3], [1706030048.257035, 16.4], [1706030049.2612748, 19.0], [1706030050.2660315, 16.1], [1706030051.271167, 13.2], [1706030052.275696, 25.5], [1706030053.281611, 20.1], [1706030054.2865205, 21.3], [1706030055.2920344, 15.4], [1706030056.2965274, 14.4], [1706030057.3019276, 12.8], [1706030058.306463, 13.8], [1706030059.311297, 18.4], [1706030060.3164172, 26.6], [1706030061.3209794, 22.6], [1706030062.3256576, 17.8], [1706030063.331584, 18.9], [1706030064.3363254, 19.4], [1706030065.341047, 31.1], [1706030066.3459642, 20.0], [1706030067.350567, 23.2], [1706030068.355907, 45.2], [1706030069.3612208, 42.8], [1706030070.3657763, 47.3], [1706030071.3728132, 30.8], [1706030072.3774989, 31.5], [1706030073.3829231, 48.8], [1706030074.3880126, 39.3], [1706030075.39516, 33.4], [1706030076.4004114, 29.0], [1706030077.4051697, 24.5], [1706030078.4098847, 22.6], [1706030079.4152527, 19.9], [1706030080.4199495, 16.8], [1706030081.4251215, 21.2], [1706030082.430026, 20.7], [1706030083.4361918, 23.2], [1706030084.4408445, 20.0], [1706030085.4457965, 17.3], [1706030086.4521344, 22.4], [1706030087.4563668, 27.7], [1706030088.461434, 18.9], [1706030089.4661875, 15.8], [1706030090.4716706, 18.4], [1706030091.4764862, 16.6], [1706030092.4808037, 20.8], [1706030093.4898815, 19.8], [1706030094.4951663, 13.3], [1706030095.4993637, 12.4], [1706030096.5040376, 18.1], [1706030097.509111, 20.3], [1706030098.5149271, 21.7], [1706030099.5202563, 21.9], [1706030100.525098, 15.3], [1706030101.5303426, 19.0], [1706030102.534924, 20.0], [1706030103.5401187, 13.8], [1706030104.5446653, 14.1], [1706030105.5488095, 15.3], [1706030106.5543609, 16.2], [1706030107.5594506, 14.3], [1706030108.5641327, 17.9], [1706030109.5684404, 18.9], [1706030110.573486, 16.0], [1706030111.5783813, 15.6], [1706030112.5858405, 15.9], [1706030113.5927355, 15.2], [1706030114.5976708, 18.2], [1706030115.6021192, 14.2], [1706030116.6073964, 12.0], [1706030117.6119282, 16.5], [1706030118.6165664, 16.8], [1706030119.6212215, 12.1], [1706030120.6265714, 15.5], [1706030121.6321094, 10.3], [1706030122.637059, 19.2], [1706030123.6430857, 10.8], [1706030124.6480439, 16.6]], "memory_usage": [[1706030043.2334733, 34.0], [1706030044.2383652, 34.1], [1706030045.2430668, 33.4], [1706030046.247557, 27.7], [1706030047.2526214, 27.7], [1706030048.257035, 27.7], [1706030049.2612748, 27.7], [1706030050.2660315, 27.6], [1706030051.271167, 27.6], [1706030052.275696, 27.6], [1706030053.281611, 27.6], [1706030054.2865205, 27.6], [1706030055.2920344, 27.6], [1706030056.2965274, 27.6], [1706030057.3021095, 27.6], [1706030058.306463, 28.0], [1706030059.3115504, 28.8], [1706030060.3164172, 29.1], [1706030061.3209794, 29.3], [1706030062.3258693, 29.6], [1706030063.331584, 30.0], [1706030064.3363254, 30.3], [1706030065.341047, 30.5], [1706030066.3459642, 31.1], [1706030067.35105, 31.2], [1706030068.355907, 31.2], [1706030069.3612208, 31.2], [1706030070.3657763, 31.4], [1706030071.3728132, 31.5], [1706030072.3774989, 32.0], [1706030073.3829231, 34.3], [1706030074.3880126, 35.2], [1706030075.39516, 34.9], [1706030076.4004114, 34.6], [1706030077.4051697, 34.2], [1706030078.4098847, 34.4], [1706030079.4152527, 34.3], [1706030080.4199495, 34.2], [1706030081.4251215, 34.1], [1706030082.430026, 34.2], [1706030083.4361918, 34.0], [1706030084.4408445, 34.0], [1706030085.4457965, 34.1], [1706030086.4521344, 34.2], [1706030087.4563668, 34.2], [1706030088.461434, 34.3], [1706030089.4661875, 34.4], [1706030090.4716706, 34.4], [1706030091.4764862, 34.4], [1706030092.4808037, 34.2], [1706030093.4899838, 34.3], [1706030094.4951663, 34.3], [1706030095.4993637, 34.4], [1706030096.5040376, 34.4], [1706030097.509111, 34.5], [1706030098.5149271, 34.4], [1706030099.5202563, 34.3], [1706030100.525098, 34.3], [1706030101.5303426, 34.3], [1706030102.534924, 34.2], [1706030103.5401187, 34.2], [1706030104.5446653, 34.2], [1706030105.5488095, 34.2], [1706030106.5543609, 34.2], [1706030107.5594506, 34.3], [1706030108.5641327, 34.3], [1706030109.5684404, 34.3], [1706030110.573486, 34.4], [1706030111.5783813, 34.4], [1706030112.5858405, 34.4], [1706030113.5927355, 34.4], [1706030114.5976708, 34.4], [1706030115.6021192, 34.4], [1706030116.6073964, 34.4], [1706030117.6119282, 34.5], [1706030118.6165664, 34.5], [1706030119.6212215, 34.6], [1706030120.6265714, 35.0], [1706030121.6321094, 34.9], [1706030122.637059, 34.6], [1706030123.6430857, 34.5], [1706030124.6480439, 28.2]]}