{"cpu_usage": [[1706025675.7972171, 4.9], [1706025676.802507, 8.2], [1706025677.8067963, 11.0], [1706025678.8115172, 21.0], [1706025679.8157067, 7.7], [1706025680.8206096, 7.4], [1706025681.8261213, 7.4], [1706025682.831069, 9.8], [1706025683.834576, 6.6], [1706025684.839855, 5.5], [1706025685.8449786, 6.5], [1706025686.849843, 6.5], [1706025687.8540335, 6.8], [1706025688.858903, 9.3], [1706025689.8634636, 5.8], [1706025690.868567, 11.1], [1706025691.873665, 6.0], [1706025692.879004, 6.0], [1706025693.8867638, 13.0], [1706025694.891054, 16.7], [1706025695.896005, 9.2], [1706025696.9007413, 7.5], [1706025697.905993, 8.5], [1706025698.9111037, 6.6], [1706025699.919438, 17.2], [1706025700.923777, 6.6], [1706025701.9286406, 5.6], [1706025702.9340656, 5.9], [1706025703.9389005, 5.6], [1706025704.9433467, 6.4]], "memory_usage": [[1706025675.7972171, 26.3], [1706025676.802507, 26.6], [1706025677.8067963, 27.6], [1706025678.8115172, 28.0], [1706025679.8157067, 28.3], [1706025680.8206096, 28.6], [1706025681.8261213, 28.9], [1706025682.831069, 29.1], [1706025683.834576, 29.2], [1706025684.839855, 29.4], [1706025685.8449786, 29.5], [1706025686.849843, 29.7], [1706025687.8540335, 30.1], [1706025688.858903, 30.2], [1706025689.8634636, 30.3], [1706025690.868567, 30.1], [1706025691.873665, 30.1], [1706025692.879004, 26.5], [1706025693.8867638, 26.9], [1706025694.891054, 27.8], [1706025695.896005, 28.1], [1706025696.9007413, 28.5], [1706025697.905993, 28.8], [1706025698.9111037, 29.0], [1706025699.919438, 29.2], [1706025700.923777, 29.4], [1706025701.9286406, 29.4], [1706025702.9340656, 29.6], [1706025703.9389005, 29.8], [1706025704.9433467, 30.3]]}