{"cpu_usage": [[1706104212.2705007, 5.0], [1706104213.2742429, 17.3], [1706104214.278797, 8.2], [1706104215.2827296, 8.7], [1706104216.287069, 10.4], [1706104217.2915566, 13.6], [1706104218.2954118, 7.6], [1706104219.2997937, 6.5], [1706104220.3053596, 6.6], [1706104221.3098414, 8.7], [1706104222.3153872, 29.7], [1706104223.3197393, 24.4], [1706104224.3234434, 17.9], [1706104225.3278427, 50.6], [1706104226.3331602, 48.3], [1706104227.3373685, 53.2], [1706104228.3418148, 25.5], [1706104229.3458066, 27.0], [1706104230.3495407, 26.4], [1706104231.3532043, 43.9], [1706104232.360249, 36.5], [1706104233.3663626, 27.5], [1706104234.3702993, 18.0], [1706104235.3744204, 17.0], [1706104236.3781135, 18.8], [1706104237.3818843, 17.3], [1706104238.3888817, 17.6], [1706104239.3929331, 11.3], [1706104240.3975742, 9.5], [1706104241.401711, 11.2], [1706104242.4066145, 10.6], [1706104243.410547, 9.6], [1706104244.4149115, 10.9], [1706104245.4190688, 11.8], [1706104246.423008, 13.5], [1706104247.4268668, 8.4], [1706104248.430911, 7.4], [1706104249.4353755, 7.2], [1706104250.4395678, 5.4], [1706104251.4440002, 7.5], [1706104252.4492562, 5.8], [1706104253.453439, 6.7], [1706104254.4579396, 4.7], [1706104255.4620428, 4.8], [1706104256.4666529, 5.0], [1706104257.4704123, 7.2], [1706104258.474005, 4.9], [1706104259.4785552, 5.9], [1706104260.4830663, 10.3], [1706104261.487516, 7.4], [1706104262.4926162, 5.4], [1706104263.4965103, 6.4], [1706104264.5012703, 5.6], [1706104265.5055022, 6.4], [1706104266.509844, 5.2], [1706104267.5141163, 5.5], [1706104268.519016, 4.9], [1706104269.5229614, 5.7], [1706104270.5271218, 6.9], [1706104271.5310974, 5.0], [1706104272.5362356, 5.6], [1706104273.5408843, 5.1], [1706104274.544995, 5.5], [1706104275.549658, 5.2], [1706104276.5535076, 4.6], [1706104277.5580487, 4.5], [1706104278.5619507, 5.5], [1706104279.565837, 4.8], [1706104280.5702581, 5.2], [1706104281.5738602, 5.0], [1706104282.5794663, 5.9], [1706104283.5838578, 4.8], [1706104284.587553, 6.7], [1706104285.5918138, 5.9], [1706104286.5960522, 4.9], [1706104287.6008077, 5.8], [1706104288.6044877, 4.6], [1706104289.6088715, 5.2], [1706104290.6131074, 5.4], [1706104291.616683, 4.8], [1706104292.6220953, 5.1], [1706104293.6258247, 4.7], [1706104294.6295862, 4.4], [1706104295.6372516, 7.5], [1706104296.6421669, 4.6], [1706104297.6459193, 6.4], [1706104298.6567616, 4.0]], "memory_usage": [[1706104212.2705007, 23.8], [1706104213.2742429, 23.9], [1706104214.278797, 24.0], [1706104215.2827296, 24.0], [1706104216.287069, 25.1], [1706104217.2915566, 25.3], [1706104218.2954118, 25.6], [1706104219.2997937, 25.9], [1706104220.3053596, 26.3], [1706104221.3098414, 26.5], [1706104222.3153872, 26.8], [1706104223.3197393, 27.2], [1706104224.3234434, 27.3], [1706104225.3284438, 28.7], [1706104226.3334894, 28.5], [1706104227.3373685, 28.5], [1706104228.3418148, 28.5], [1706104229.3458066, 28.8], [1706104230.3496954, 28.7], [1706104231.3532043, 31.1], [1706104232.360249, 32.9], [1706104233.3663626, 32.6], [1706104234.3702993, 32.0], [1706104235.3744204, 32.1], [1706104236.3781135, 31.4], [1706104237.3820748, 30.9], [1706104238.3888817, 30.6], [1706104239.3929331, 30.9], [1706104240.3975742, 30.7], [1706104241.401711, 30.6], [1706104242.4066145, 30.4], [1706104243.410547, 30.6], [1706104244.4149115, 30.5], [1706104245.4190688, 30.4], [1706104246.423008, 30.5], [1706104247.4268668, 31.0], [1706104248.430911, 31.2], [1706104249.4353755, 31.0], [1706104250.4395678, 30.8], [1706104251.4440002, 31.2], [1706104252.4492562, 31.1], [1706104253.453439, 31.0], [1706104254.4579396, 31.1], [1706104255.4620428, 31.0], [1706104256.4666529, 30.9], [1706104257.4704123, 32.0], [1706104258.474005, 32.1], [1706104259.4785552, 32.2], [1706104260.4830663, 32.4], [1706104261.487516, 32.3], [1706104262.4926162, 32.3], [1706104263.4965103, 32.2], [1706104264.5012703, 32.2], [1706104265.5055022, 32.1], [1706104266.509844, 32.2], [1706104267.5141163, 32.1], [1706104268.519016, 32.1], [1706104269.5229614, 32.0], [1706104270.5271218, 32.0], [1706104271.5310974, 32.0], [1706104272.5362356, 32.0], [1706104273.5408843, 32.0], [1706104274.544995, 32.0], [1706104275.549658, 32.0], [1706104276.5535076, 31.9], [1706104277.5580487, 31.9], [1706104278.5619507, 32.0], [1706104279.565837, 32.0], [1706104280.5702581, 32.0], [1706104281.5738602, 32.0], [1706104282.5794663, 32.0], [1706104283.5838578, 32.1], [1706104284.587553, 32.0], [1706104285.5918138, 32.2], [1706104286.5960522, 32.2], [1706104287.6008077, 32.3], [1706104288.6044877, 32.3], [1706104289.6088715, 32.4], [1706104290.6131074, 32.4], [1706104291.616683, 32.4], [1706104292.6220953, 32.7], [1706104293.6258247, 33.9], [1706104294.6295862, 33.7], [1706104295.6372516, 33.6], [1706104296.6421669, 33.3], [1706104297.6459193, 33.1], [1706104298.6567616, 24.3]]}