{"cpu_usage": [[1706104124.8387187, 1.4], [1706104125.8434277, 15.8], [1706104126.847272, 9.4], [1706104127.8514163, 7.9], [1706104128.8566277, 10.9], [1706104129.8603132, 15.3], [1706104130.86389, 7.7], [1706104131.8681695, 4.9], [1706104132.872843, 6.2], [1706104133.8767073, 5.3], [1706104134.881674, 56.7], [1706104135.885454, 28.0], [1706104136.8913546, 28.8], [1706104137.8960817, 35.3], [1706104138.9013631, 40.1], [1706104139.9058366, 52.2], [1706104140.9111576, 29.2], [1706104141.9153516, 25.9], [1706104142.9202895, 21.6], [1706104143.9246302, 32.8], [1706104144.9299762, 33.9], [1706104145.9340594, 35.2], [1706104146.9378374, 16.6], [1706104147.9429252, 14.8], [1706104148.946938, 18.4], [1706104149.951712, 15.7], [1706104150.9561112, 12.0], [1706104151.9602122, 10.7], [1706104152.9641669, 10.1], [1706104153.968167, 11.3], [1706104154.9753544, 9.7], [1706104155.980533, 10.3], [1706104156.9853654, 11.9], [1706104157.9892457, 11.6], [1706104158.9938197, 11.1], [1706104159.9979236, 8.9], [1706104161.0019484, 7.9], [1706104162.006305, 6.5], [1706104163.0106122, 5.8], [1706104164.0146317, 6.1], [1706104165.0190449, 6.9], [1706104166.0227695, 6.2], [1706104167.0267859, 4.4], [1706104168.0305512, 6.2], [1706104169.034343, 4.9], [1706104170.0385296, 8.2], [1706104171.0430558, 4.4], [1706104172.047349, 5.7], [1706104173.0515752, 13.2], [1706104174.056069, 6.2], [1706104175.0605655, 7.5], [1706104176.064549, 7.7], [1706104177.0688562, 4.8], [1706104178.0726438, 5.0], [1706104179.0771806, 5.3], [1706104180.0814369, 6.7], [1706104181.08529, 4.8], [1706104182.0898037, 4.9], [1706104183.0937662, 5.4], [1706104184.0978444, 5.5], [1706104185.1030266, 4.6], [1706104186.1071982, 5.3], [1706104187.111332, 5.1], [1706104188.1158748, 4.8], [1706104189.1203837, 4.6], [1706104190.1254318, 4.5], [1706104191.1293464, 4.7], [1706104192.1335475, 4.7], [1706104193.1373117, 4.3], [1706104194.1411817, 5.4], [1706104195.1476505, 5.9], [1706104196.1521566, 4.4], [1706104197.1566331, 5.3], [1706104198.1605067, 4.5], [1706104199.1648035, 4.8], [1706104200.1686814, 5.4], [1706104201.1725085, 5.1], [1706104202.1766987, 4.8], [1706104203.1816404, 4.9], [1706104204.1863158, 4.7], [1706104205.191604, 8.6], [1706104206.195405, 5.3], [1706104207.1998315, 4.7], [1706104208.2095723, 8.5], [1706104209.2139385, 2.3], [1706104210.219543, 3.9], [1706104211.223709, 4.3]], "memory_usage": [[1706104124.8387187, 23.2], [1706104125.8434277, 23.3], [1706104126.847272, 23.4], [1706104127.8514163, 23.5], [1706104128.8566277, 24.5], [1706104129.8603132, 24.8], [1706104130.86389, 25.2], [1706104131.8681695, 25.6], [1706104132.872843, 25.9], [1706104133.876963, 26.2], [1706104134.881674, 26.4], [1706104135.8856144, 27.0], [1706104136.8914163, 27.0], [1706104137.8965921, 28.5], [1706104138.9013631, 28.2], [1706104139.9060812, 28.4], [1706104140.9111576, 28.4], [1706104141.9153516, 28.6], [1706104142.9202895, 28.6], [1706104143.9246302, 31.2], [1706104144.9299762, 32.1], [1706104145.9340594, 32.3], [1706104146.9378374, 31.8], [1706104147.9430661, 31.8], [1706104148.946938, 31.4], [1706104149.951712, 30.7], [1706104150.9561112, 30.6], [1706104151.9602122, 30.8], [1706104152.9641669, 30.6], [1706104153.968167, 30.6], [1706104154.9753544, 30.4], [1706104155.980533, 30.5], [1706104156.9853654, 30.4], [1706104157.9892457, 30.3], [1706104158.9938197, 30.7], [1706104159.9979236, 30.9], [1706104161.0019484, 31.1], [1706104162.006305, 30.9], [1706104163.0106122, 31.0], [1706104164.0146317, 31.1], [1706104165.0190449, 31.0], [1706104166.0227695, 30.9], [1706104167.0267859, 31.0], [1706104168.0305512, 30.9], [1706104169.034343, 30.8], [1706104170.0385296, 32.0], [1706104171.0430558, 32.1], [1706104172.047349, 32.2], [1706104173.0515752, 32.3], [1706104174.056069, 32.2], [1706104175.0605655, 32.3], [1706104176.064549, 32.2], [1706104177.0688562, 32.1], [1706104178.0726438, 32.2], [1706104179.0771806, 32.1], [1706104180.0814369, 32.1], [1706104181.08529, 32.0], [1706104182.0898037, 32.1], [1706104183.0937662, 32.0], [1706104184.0978444, 32.0], [1706104185.1030266, 32.0], [1706104186.1071982, 32.0], [1706104187.111332, 31.9], [1706104188.1158748, 31.9], [1706104189.1203837, 31.9], [1706104190.1254318, 31.9], [1706104191.1293464, 31.9], [1706104192.1335475, 32.0], [1706104193.1373117, 32.0], [1706104194.1411817, 32.0], [1706104195.1476505, 32.0], [1706104196.1521566, 32.0], [1706104197.1566331, 32.1], [1706104198.1605067, 32.0], [1706104199.1648035, 32.2], [1706104200.1686814, 32.3], [1706104201.1725085, 32.3], [1706104202.1766987, 32.4], [1706104203.1816404, 32.4], [1706104204.1863158, 32.4], [1706104205.191604, 32.7], [1706104206.195405, 33.8], [1706104207.1998315, 33.9], [1706104208.2095723, 33.6], [1706104209.2139385, 33.3], [1706104210.219543, 33.2], [1706104211.223709, 32.7]]}