{"cpu_usage": [[1706104391.164858, 8.2], [1706104392.1686623, 18.5], [1706104393.1731083, 10.6], [1706104394.1765761, 9.6], [1706104395.180801, 14.0], [1706104396.1856234, 13.8], [1706104397.1906374, 8.8], [1706104398.195173, 5.8], [1706104399.1994512, 10.3], [1706104400.203941, 3.9], [1706104401.226344, 52.6], [1706104402.2315462, 25.8], [1706104403.2353678, 23.1], [1706104404.2400918, 34.8], [1706104405.245586, 40.6], [1706104406.2503343, 40.2], [1706104407.2553008, 39.1], [1706104408.2600143, 26.5], [1706104409.265036, 29.4], [1706104410.2694397, 20.5], [1706104411.2750604, 34.4], [1706104412.285075, 35.5], [1706104413.2890165, 31.8], [1706104414.2934356, 16.1], [1706104415.298142, 15.8], [1706104416.3034177, 11.0], [1706104417.3094282, 12.5], [1706104418.3135064, 10.8], [1706104419.3178256, 10.6], [1706104420.3239508, 10.8], [1706104421.331248, 10.3], [1706104422.3361635, 10.0], [1706104423.3427227, 10.5], [1706104424.3490963, 10.5], [1706104425.3531096, 11.1], [1706104426.3576949, 9.2], [1706104427.3617544, 7.2], [1706104428.3667376, 10.1], [1706104429.3711987, 8.9], [1706104430.3762321, 7.1], [1706104431.3806272, 5.7], [1706104432.3860674, 6.4], [1706104433.3902454, 8.2], [1706104434.395051, 5.3], [1706104435.3993702, 6.5], [1706104436.4031482, 5.3], [1706104437.4077568, 5.7], [1706104438.4149847, 4.7], [1706104439.4192762, 6.8], [1706104440.4236948, 6.0], [1706104441.4292076, 6.7], [1706104442.4336767, 9.8], [1706104443.4378717, 6.9], [1706104444.4418938, 5.3], [1706104445.446675, 9.1], [1706104446.4518583, 6.0], [1706104447.4562938, 5.0], [1706104448.4603484, 4.8], [1706104449.4647317, 4.5], [1706104450.469542, 5.4], [1706104451.4835782, 11.8], [1706104452.48859, 6.2], [1706104453.495409, 4.9], [1706104454.4997346, 6.2], [1706104455.5039046, 7.4], [1706104456.507992, 14.5], [1706104457.5130002, 8.4], [1706104458.5166824, 13.4], [1706104459.5211813, 5.2], [1706104460.5252259, 11.7], [1706104461.5298567, 10.1], [1706104462.5336576, 14.7], [1706104463.5392265, 5.7], [1706104464.5432522, 5.9], [1706104465.5478585, 5.7], [1706104466.5523837, 5.8], [1706104467.5568879, 11.5], [1706104468.5612035, 5.5], [1706104469.565395, 5.4], [1706104470.5694063, 5.2], [1706104471.5746875, 6.2], [1706104472.5789676, 5.4], [1706104473.583352, 6.1], [1706104474.5880382, 11.4], [1706104475.5927029, 5.2], [1706104476.5975423, 8.0], [1706104477.6021893, 6.4], [1706104478.6093001, 7.8], [1706104479.6131337, 3.8], [1706104480.617365, 2.9]], "memory_usage": [[1706104391.164858, 24.6], [1706104392.1686623, 24.7], [1706104393.1731083, 24.7], [1706104394.1765761, 24.6], [1706104395.180801, 25.5], [1706104396.1856234, 25.8], [1706104397.1906374, 26.1], [1706104398.195173, 26.4], [1706104399.1994512, 26.6], [1706104400.203941, 26.8], [1706104401.2264588, 27.0], [1706104402.2315462, 27.5], [1706104403.2353678, 27.5], [1706104404.2404451, 28.9], [1706104405.2459052, 28.9], [1706104406.2503343, 28.7], [1706104407.2553008, 28.7], [1706104408.2600143, 28.7], [1706104409.265036, 28.9], [1706104410.2694397, 28.9], [1706104411.2750604, 31.5], [1706104412.285075, 32.2], [1706104413.2890165, 32.5], [1706104414.2934356, 31.9], [1706104415.298142, 31.8], [1706104416.3034177, 31.2], [1706104417.3094282, 30.8], [1706104418.3135064, 30.5], [1706104419.3178256, 30.9], [1706104420.3239508, 30.7], [1706104421.331248, 30.5], [1706104422.3361635, 30.5], [1706104423.3427227, 30.6], [1706104424.3490963, 30.3], [1706104425.3531096, 30.4], [1706104426.3576949, 30.3], [1706104427.3617544, 30.5], [1706104428.3667376, 31.0], [1706104429.3711987, 30.8], [1706104430.3762321, 31.3], [1706104431.3806272, 31.0], [1706104432.3860674, 30.9], [1706104433.3902454, 31.1], [1706104434.395051, 31.2], [1706104435.3993702, 31.1], [1706104436.4035153, 31.1], [1706104437.4077568, 31.0], [1706104438.4149847, 31.0], [1706104439.4192762, 32.5], [1706104440.4236948, 32.3], [1706104441.4292076, 32.4], [1706104442.4336767, 32.6], [1706104443.4378717, 32.4], [1706104444.4418938, 32.4], [1706104445.446675, 32.3], [1706104446.4518583, 32.4], [1706104447.4562938, 32.4], [1706104448.4603484, 32.3], [1706104449.4647317, 32.4], [1706104450.469542, 32.3], [1706104451.4835782, 32.3], [1706104452.48859, 32.3], [1706104453.495409, 32.3], [1706104454.4997346, 32.3], [1706104455.5039046, 32.3], [1706104456.507992, 32.4], [1706104457.5130002, 32.4], [1706104458.5166824, 32.5], [1706104459.5211813, 32.5], [1706104460.5252259, 32.4], [1706104461.5298567, 32.5], [1706104462.5336576, 32.7], [1706104463.5392265, 32.7], [1706104464.5432522, 32.7], [1706104465.5478585, 32.7], [1706104466.5523837, 32.7], [1706104467.5568879, 32.8], [1706104468.5612035, 32.8], [1706104469.565395, 33.0], [1706104470.5694063, 33.0], [1706104471.5746875, 33.0], [1706104472.5789676, 33.1], [1706104473.583352, 33.1], [1706104474.5880382, 33.1], [1706104475.5927029, 33.2], [1706104476.5975423, 34.2], [1706104477.6021893, 34.0], [1706104478.6093001, 33.9], [1706104479.6131337, 33.5], [1706104480.617365, 33.4]]}