{"cpu_usage": [[1706028122.3027751, 3.9], [1706028123.308327, 10.9], [1706028124.312433, 9.8], [1706028125.3170063, 16.8], [1706028126.3217487, 6.8], [1706028127.3264587, 7.0], [1706028128.3308449, 11.0], [1706028129.3357363, 21.8], [1706028130.3406549, 43.5], [1706028131.3468432, 49.6], [1706028132.3529449, 68.4], [1706028133.3602886, 58.1], [1706028134.3656201, 36.0], [1706028135.373459, 38.4], [1706028136.3794198, 31.4], [1706028137.384767, 15.0], [1706028138.3896158, 16.3], [1706028139.3942282, 14.9], [1706028140.3992605, 21.5], [1706028141.403971, 14.5], [1706028142.409361, 15.4], [1706028143.4145951, 14.0], [1706028144.4195957, 7.7], [1706028145.4241712, 5.5], [1706028146.4323454, 2.9], [1706028147.441363, 3.3], [1706028148.4482443, 2.3], [1706028149.4595165, 3.1], [1706028150.4681213, 6.4], [1706028151.4734612, 27.2], [1706028152.4792705, 23.0], [1706028153.4848263, 11.5], [1706028154.490134, 7.4], [1706028155.4952958, 6.9], [1706028156.505312, 5.4], [1706028157.5108283, 11.9], [1706028158.5162916, 15.6], [1706028159.520582, 9.0], [1706028160.5256479, 7.0], [1706028161.5303464, 7.9], [1706028162.5357864, 7.0], [1706028163.5404918, 30.4], [1706028164.5450466, 47.5], [1706028165.5636163, 58.7], [1706028166.5687466, 58.5], [1706028167.5774577, 46.8], [1706028168.5833445, 33.5], [1706028169.588982, 33.1], [1706028170.5950367, 34.2], [1706028171.6002336, 34.2], [1706028172.6074622, 18.8], [1706028173.61223, 15.0], [1706028174.6170166, 15.1], [1706028175.6216714, 17.2], [1706028176.626831, 14.3], [1706028177.6318004, 15.8], [1706028178.637221, 14.5], [1706028179.6425233, 9.4], [1706028180.6470363, 4.3], [1706028181.6531596, 5.2], [1706028182.6591017, 2.3], [1706028183.6697643, 3.5], [1706028184.6742802, 5.0], [1706028185.6788683, 4.3], [1706028186.6836033, 3.4], [1706028187.6888976, 20.7], [1706028188.693202, 23.1], [1706028189.6979008, 28.3], [1706028190.7028015, 15.8], [1706028191.7072165, 4.0], [1706028192.7131486, 13.3], [1706028193.7173998, 36.1], [1706028194.7218204, 25.0], [1706028195.726569, 28.2]], "memory_usage": [[1706028122.3033662, 26.6], [1706028123.308327, 26.8], [1706028124.312433, 27.8], [1706028125.3170063, 28.1], [1706028126.3217487, 28.5], [1706028127.3264587, 28.8], [1706028128.3308449, 28.9], [1706028129.3357363, 29.1], [1706028130.3406549, 31.2], [1706028131.3468432, 35.8], [1706028132.3531547, 35.7], [1706028133.3605294, 37.7], [1706028134.3661187, 39.6], [1706028135.373459, 41.1], [1706028136.3794198, 41.9], [1706028137.384767, 42.4], [1706028138.3896158, 42.7], [1706028139.3942282, 43.0], [1706028140.3992605, 43.5], [1706028141.403971, 43.9], [1706028142.409361, 44.7], [1706028143.4145951, 45.6], [1706028144.4195957, 45.5], [1706028145.4241712, 45.5], [1706028146.4327493, 45.5], [1706028147.441363, 45.5], [1706028148.4482443, 45.5], [1706028149.4595165, 45.5], [1706028150.4681213, 44.4], [1706028151.4734612, 43.8], [1706028152.4793446, 34.9], [1706028153.4848263, 29.0], [1706028154.490134, 28.7], [1706028155.4952958, 28.7], [1706028156.505312, 26.5], [1706028157.5108283, 27.1], [1706028158.5162916, 27.8], [1706028159.520582, 28.2], [1706028160.5256479, 28.5], [1706028161.5303464, 28.8], [1706028162.5357864, 29.0], [1706028163.5404918, 29.8], [1706028164.5450466, 32.3], [1706028165.5636163, 35.8], [1706028166.5707476, 36.5], [1706028167.5774577, 38.3], [1706028168.5834267, 39.7], [1706028169.588982, 40.0], [1706028170.5950367, 40.3], [1706028171.6002336, 41.7], [1706028172.6074622, 42.2], [1706028173.61223, 42.5], [1706028174.6170166, 42.9], [1706028175.6216714, 43.3], [1706028176.626831, 43.7], [1706028177.6318004, 44.6], [1706028178.637221, 45.2], [1706028179.6425233, 45.7], [1706028180.6470363, 45.8], [1706028181.6531596, 45.6], [1706028182.6591017, 45.6], [1706028183.6697643, 45.6], [1706028184.6742802, 45.6], [1706028185.6788683, 45.6], [1706028186.6836033, 45.6], [1706028187.6888976, 44.0], [1706028188.693202, 43.8], [1706028189.69799, 29.5], [1706028190.7028015, 28.8], [1706028191.7072165, 28.6], [1706028192.7131486, 26.7], [1706028193.7173998, 26.7], [1706028194.7218204, 27.1], [1706028195.726569, 26.7]]}