{"cpu_usage": [[1706102594.1246846, 3.8], [1706102595.129249, 16.1], [1706102596.1333678, 13.9], [1706102597.1392953, 9.3], [1706102598.1439133, 13.5], [1706102599.1479561, 16.9], [1706102600.1519175, 8.9], [1706102601.1566236, 8.3], [1706102602.1611936, 6.2], [1706102603.165432, 5.6], [1706102604.173228, 35.8], [1706102605.1789572, 51.3], [1706102606.1831949, 36.9], [1706102607.1879292, 39.1], [1706102608.1931064, 31.5], [1706102609.1977293, 24.9], [1706102610.2023704, 26.8], [1706102611.2078507, 37.8], [1706102612.2125506, 40.3], [1706102613.216737, 37.1], [1706102614.2286816, 69.7], [1706102615.2347956, 77.6], [1706102616.2424269, 65.7], [1706102617.2488945, 70.0], [1706102618.254488, 57.3], [1706102619.2607908, 63.5], [1706102620.2660565, 51.9], [1706102621.2718105, 63.6], [1706102622.2792065, 70.5], [1706102623.2844744, 48.7], [1706102624.2903478, 49.9], [1706102625.2949786, 48.6], [1706102626.3005352, 49.8], [1706102627.3054235, 51.5], [1706102628.3100333, 41.6], [1706102629.3148785, 31.2], [1706102630.3196926, 29.0], [1706102631.3248105, 32.8], [1706102632.3292258, 28.2], [1706102633.3352623, 27.2], [1706102634.3400435, 20.3], [1706102635.3457804, 11.7], [1706102636.349982, 11.9], [1706102637.3545492, 10.3], [1706102638.3593123, 9.8], [1706102639.3650818, 8.4], [1706102640.370314, 9.8], [1706102641.3750553, 25.2], [1706102642.3810592, 37.0], [1706102643.385732, 32.2], [1706102644.3916125, 36.1], [1706102645.396864, 36.3], [1706102646.402141, 43.3], [1706102647.4071786, 36.2], [1706102648.4122403, 27.4], [1706102649.4176188, 33.6], [1706102650.4225864, 40.7], [1706102651.4280899, 32.4], [1706102652.433294, 39.4], [1706102653.437626, 41.2], [1706102654.4435942, 32.0], [1706102655.4480028, 26.6], [1706102656.4544215, 17.6], [1706102657.4588265, 8.9], [1706102658.4641504, 8.2], [1706102659.4780874, 3.7], [1706102660.484355, 4.8], [1706102661.4909368, 3.5], [1706102662.495504, 2.6], [1706102663.5090423, 6.7], [1706102664.516421, 3.6], [1706102665.5247884, 5.5], [1706102666.5291536, 5.5], [1706102667.5346346, 14.8], [1706102668.539707, 17.7], [1706102669.546182, 31.5], [1706102670.5509346, 38.5], [1706102671.5561786, 21.7], [1706102672.5608194, 13.6], [1706102673.5651357, 7.8], [1706102674.571417, 9.4], [1706102675.5765042, 8.6], [1706102676.580732, 12.7], [1706102677.5843961, 10.2]], "memory_usage": [[1706102594.1246846, 25.5], [1706102595.129249, 25.5], [1706102596.1333678, 25.6], [1706102597.1392953, 25.6], [1706102598.1439133, 26.7], [1706102599.1479561, 26.8], [1706102600.1519175, 27.2], [1706102601.1566236, 27.5], [1706102602.1611936, 27.8], [1706102603.165432, 27.9], [1706102604.173483, 28.3], [1706102605.1789572, 28.6], [1706102606.1831949, 29.0], [1706102607.1879292, 30.0], [1706102608.1931064, 30.4], [1706102609.1977293, 30.3], [1706102610.2023704, 30.9], [1706102611.2078507, 32.6], [1706102612.2125506, 33.7], [1706102613.2172236, 34.6], [1706102614.2290502, 38.1], [1706102615.2350621, 39.1], [1706102616.2424269, 40.0], [1706102617.2492893, 41.6], [1706102618.2548182, 42.8], [1706102619.2607908, 43.8], [1706102620.2663567, 44.6], [1706102621.2723355, 45.9], [1706102622.279543, 47.2], [1706102623.2844744, 47.7], [1706102624.2903478, 48.8], [1706102625.2950408, 49.5], [1706102626.3005352, 49.6], [1706102627.3054235, 50.7], [1706102628.3100333, 50.5], [1706102629.3148785, 50.8], [1706102630.3197806, 52.1], [1706102631.3248105, 52.3], [1706102632.3292258, 52.3], [1706102633.3352623, 52.4], [1706102634.3400435, 52.2], [1706102635.3457804, 52.0], [1706102636.349982, 52.1], [1706102637.3545492, 52.1], [1706102638.3593123, 51.7], [1706102639.3650818, 51.3], [1706102640.370314, 51.3], [1706102641.3750553, 51.1], [1706102642.3810592, 51.4], [1706102643.385732, 51.9], [1706102644.3916125, 52.8], [1706102645.3970997, 53.3], [1706102646.4024374, 55.0], [1706102647.4071786, 56.0], [1706102648.4125986, 56.2], [1706102649.4176188, 56.2], [1706102650.4225864, 56.5], [1706102651.4280899, 56.7], [1706102652.433294, 57.3], [1706102653.437841, 58.0], [1706102654.4435942, 58.3], [1706102655.4482963, 58.6], [1706102656.4544215, 58.8], [1706102657.4588265, 58.7], [1706102658.4641504, 58.6], [1706102659.4780874, 58.6], [1706102660.484355, 58.6], [1706102661.4909368, 58.6], [1706102662.495504, 58.5], [1706102663.5090423, 58.5], [1706102664.516421, 58.5], [1706102665.5247884, 58.5], [1706102666.5291536, 58.4], [1706102667.5346346, 58.1], [1706102668.539707, 57.2], [1706102669.546182, 56.9], [1706102670.5509346, 48.4], [1706102671.5561786, 35.3], [1706102672.5608194, 32.8], [1706102673.5651357, 32.6], [1706102674.571417, 32.4], [1706102675.5765042, 32.2], [1706102676.580732, 32.1], [1706102677.5843961, 25.9]]}