{"cpu_usage": [[1706093227.100916, 5.7], [1706093228.1060982, 8.7], [1706093229.110707, 19.3], [1706093230.114929, 21.6], [1706093231.1190047, 16.1], [1706093232.1229427, 17.5], [1706093233.1272204, 10.0], [1706093234.1320734, 11.2], [1706093235.1364179, 7.8], [1706093236.1405468, 12.1], [1706093237.1461911, 10.6], [1706093238.1509228, 17.4], [1706093239.15467, 9.1], [1706093240.159379, 10.3], [1706093241.1643212, 8.8], [1706093242.1682384, 6.5], [1706093243.172835, 27.2], [1706093244.1768482, 10.6], [1706093245.1804266, 21.0], [1706093246.1846657, 35.0], [1706093247.1900923, 40.9], [1706093248.1940503, 33.0], [1706093249.1989622, 24.2], [1706093250.2026746, 34.4], [1706093251.2064624, 34.8], [1706093252.2107594, 23.2], [1706093253.2153559, 16.6], [1706093254.219664, 14.7], [1706093255.2237985, 13.9], [1706093256.2284386, 12.6], [1706093257.2334645, 10.9], [1706093258.23802, 13.8], [1706093259.2420645, 17.4], [1706093260.2458735, 14.6], [1706093261.2496245, 15.2], [1706093262.2534926, 18.1], [1706093263.2578826, 13.6], [1706093264.2620847, 14.9], [1706093265.2663448, 13.1], [1706093266.270301, 11.7], [1706093267.27588, 13.6], [1706093268.2808244, 6.3], [1706093269.2852898, 6.3], [1706093270.2895188, 7.0], [1706093271.2944024, 5.1], [1706093272.2989624, 6.4], [1706093273.3031633, 5.0], [1706093274.3073204, 6.4], [1706093275.311344, 6.4], [1706093276.3164103, 6.4], [1706093277.3213274, 6.2], [1706093278.3257658, 7.4], [1706093279.33047, 6.6], [1706093280.3351998, 6.6], [1706093281.3396215, 5.9], [1706093282.344119, 7.5], [1706093283.3480144, 8.8], [1706093284.3517208, 6.7], [1706093285.3575556, 5.9], [1706093286.3621933, 6.2], [1706093287.36712, 5.5], [1706093288.3719335, 5.6], [1706093289.3762558, 9.1], [1706093290.3804388, 6.6], [1706093291.3853662, 6.6], [1706093292.3893309, 5.5], [1706093293.3935418, 7.1], [1706093294.4018252, 5.5], [1706093295.4065878, 6.1], [1706093296.4103482, 6.4], [1706093297.416649, 5.6], [1706093298.4220247, 9.0], [1706093299.4269817, 7.5], [1706093300.431128, 5.3]], "memory_usage": [[1706093227.100916, 23.1], [1706093228.1060982, 23.2], [1706093229.1109815, 23.2], [1706093230.114929, 23.2], [1706093231.1190047, 23.2], [1706093232.1229427, 23.1], [1706093233.1272204, 23.1], [1706093234.1320734, 23.0], [1706093235.1364179, 23.0], [1706093236.1405468, 23.3], [1706093237.1461911, 24.2], [1706093238.1509228, 24.5], [1706093239.15467, 24.8], [1706093240.159379, 25.1], [1706093241.1643212, 25.4], [1706093242.1682384, 25.7], [1706093243.172835, 26.0], [1706093244.1768482, 26.4], [1706093245.1804266, 26.7], [1706093246.1846657, 26.8], [1706093247.1900923, 26.9], [1706093248.1940503, 26.9], [1706093249.1989622, 27.6], [1706093250.2026746, 29.4], [1706093251.2064624, 30.1], [1706093252.2107594, 30.9], [1706093253.2153559, 30.5], [1706093254.219664, 30.1], [1706093255.2237985, 29.8], [1706093256.2284386, 30.0], [1706093257.2334645, 30.0], [1706093258.23802, 29.8], [1706093259.2420645, 29.7], [1706093260.2458735, 29.7], [1706093261.2496245, 29.8], [1706093262.2534926, 29.8], [1706093263.2578826, 29.7], [1706093264.2620847, 30.0], [1706093265.2663448, 29.8], [1706093266.270301, 29.8], [1706093267.27588, 29.8], [1706093268.2808244, 29.9], [1706093269.2852898, 29.9], [1706093270.2895188, 29.8], [1706093271.2944024, 29.9], [1706093272.2989624, 30.0], [1706093273.3031633, 29.9], [1706093274.3073204, 29.9], [1706093275.311344, 29.9], [1706093276.3164103, 29.9], [1706093277.3213274, 29.8], [1706093278.3257658, 29.8], [1706093279.33047, 29.8], [1706093280.3351998, 29.7], [1706093281.3396215, 29.7], [1706093282.344119, 29.7], [1706093283.3480144, 29.8], [1706093284.3517208, 29.8], [1706093285.3575556, 29.7], [1706093286.3621933, 29.7], [1706093287.36712, 29.8], [1706093288.3719335, 29.8], [1706093289.3762558, 29.8], [1706093290.3804388, 29.8], [1706093291.3853662, 29.8], [1706093292.3893309, 29.8], [1706093293.3935418, 29.8], [1706093294.4018252, 29.9], [1706093295.4065878, 30.4], [1706093296.4103482, 30.4], [1706093297.416649, 30.4], [1706093298.4220247, 30.5], [1706093299.4269817, 30.1], [1706093300.431128, 29.9]]}