{"cpu_usage": [[1706026469.194117, 32.9], [1706026470.2001433, 12.5], [1706026471.2045956, 14.4], [1706026472.208971, 18.2], [1706026473.2138035, 12.8], [1706026474.2193065, 8.2], [1706026475.2241397, 9.6], [1706026476.2287781, 14.3], [1706026477.2337103, 12.2], [1706026478.2382998, 14.7], [1706026479.244029, 14.1], [1706026480.2484791, 12.5], [1706026481.253553, 11.1], [1706026482.2582147, 11.6], [1706026483.2630394, 11.0], [1706026484.2679632, 14.8], [1706026485.273669, 16.9], [1706026486.2787068, 19.3], [1706026487.2831662, 20.9], [1706026488.3030052, 20.6], [1706026489.3089385, 22.9], [1706026490.3145432, 11.1], [1706026491.3193154, 11.9], [1706026492.3247604, 10.4], [1706026493.330273, 15.3], [1706026494.3365748, 10.8], [1706026495.341729, 8.5], [1706026496.346533, 8.5], [1706026497.3516383, 6.7], [1706026498.3567395, 8.2]], "memory_usage": [[1706026469.194117, 26.8], [1706026470.2001433, 26.9], [1706026471.2045956, 28.0], [1706026472.208971, 28.4], [1706026473.2138035, 28.7], [1706026474.2193065, 29.0], [1706026475.2241397, 29.3], [1706026476.2287781, 29.4], [1706026477.2337103, 29.6], [1706026478.2382998, 29.7], [1706026479.244029, 29.8], [1706026480.2484791, 29.9], [1706026481.253553, 30.2], [1706026482.2582147, 30.5], [1706026483.2630394, 30.6], [1706026484.2679632, 30.4], [1706026485.273669, 30.4], [1706026486.2787068, 26.9], [1706026487.2832694, 27.1], [1706026488.3030052, 28.0], [1706026489.3089385, 28.3], [1706026490.3145432, 28.7], [1706026491.3193154, 29.1], [1706026492.3247604, 29.3], [1706026493.330273, 29.5], [1706026494.3365748, 29.8], [1706026495.341729, 29.8], [1706026496.347077, 29.9], [1706026497.3516383, 30.1], [1706026498.3567395, 30.5]]}