{"cpu_usage": [[1706026387.5439436, 6.9], [1706026388.5489619, 15.7], [1706026389.5541224, 9.9], [1706026390.5603766, 7.9], [1706026391.565439, 7.3], [1706026392.5708628, 12.3], [1706026393.575941, 22.0], [1706026394.580928, 14.4], [1706026395.5854797, 11.3], [1706026396.5900812, 12.3], [1706026397.5953298, 10.8], [1706026398.60693, 16.1], [1706026399.6121025, 15.8], [1706026400.617257, 6.2], [1706026401.622968, 7.4], [1706026402.6281846, 8.6], [1706026403.633202, 7.5], [1706026404.6390657, 8.4], [1706026405.64402, 9.8], [1706026406.64886, 14.4], [1706026407.6540785, 7.3], [1706026408.661374, 5.8], [1706026409.6702814, 18.7], [1706026410.675034, 18.0], [1706026411.679925, 11.6], [1706026412.6855912, 9.8], [1706026413.690109, 11.1], [1706026414.6952872, 10.1], [1706026415.7000422, 18.3], [1706026416.704552, 9.9], [1706026417.7101343, 8.0], [1706026418.7153888, 6.4], [1706026419.7208745, 7.2], [1706026420.7253654, 9.3], [1706026421.730366, 10.0], [1706026422.7350194, 8.6], [1706026423.7400744, 11.0], [1706026424.7448606, 9.9], [1706026425.7514772, 10.8], [1706026426.756416, 10.2]], "memory_usage": [[1706026387.5439436, 26.6], [1706026388.5489619, 26.8], [1706026389.5541224, 26.8], [1706026390.5603766, 26.8], [1706026391.565439, 26.8], [1706026392.5708628, 27.1], [1706026393.575941, 28.0], [1706026394.5810587, 28.4], [1706026395.5854797, 28.7], [1706026396.5900812, 29.0], [1706026397.5953298, 29.2], [1706026398.60693, 29.4], [1706026399.6121025, 29.5], [1706026400.617257, 29.7], [1706026401.622968, 29.9], [1706026402.6281846, 30.0], [1706026403.633202, 30.5], [1706026404.6390657, 30.5], [1706026405.6443279, 30.6], [1706026406.64886, 30.3], [1706026407.6540785, 30.3], [1706026408.661374, 26.8], [1706026409.6702814, 27.1], [1706026410.675034, 28.0], [1706026411.679925, 28.3], [1706026412.6855912, 28.7], [1706026413.690109, 29.0], [1706026414.6952872, 29.2], [1706026415.7000422, 29.4], [1706026416.704552, 29.6], [1706026417.7101343, 29.7], [1706026418.7153888, 29.8], [1706026419.7208745, 30.0], [1706026420.7253654, 30.4], [1706026421.730366, 30.7], [1706026422.7350194, 30.6], [1706026423.7400744, 30.3], [1706026424.7448606, 30.3], [1706026425.7514772, 30.3], [1706026426.7567468, 26.8]]}