{"cpu_usage": [[1706026430.8964617, 25.7], [1706026431.9015381, 16.2], [1706026432.9057233, 13.8], [1706026433.9108794, 21.0], [1706026434.9161522, 8.8], [1706026435.9208302, 8.9], [1706026436.9260082, 8.9], [1706026437.931129, 11.2], [1706026438.9359224, 8.4], [1706026439.9403973, 7.5], [1706026440.9469235, 7.7], [1706026441.9515302, 8.1], [1706026442.956984, 7.6], [1706026443.9619524, 7.5], [1706026444.9670625, 6.6], [1706026445.9716003, 10.7], [1706026446.9772596, 6.2], [1706026447.9819105, 5.7], [1706026448.9895256, 17.6], [1706026449.9945333, 17.7], [1706026451.0004048, 11.3], [1706026452.005752, 8.0], [1706026453.0105445, 10.3], [1706026454.016154, 7.9], [1706026455.0237482, 14.4], [1706026456.0289054, 8.4], [1706026457.033483, 7.3], [1706026458.0388465, 7.1], [1706026459.0440567, 6.7], [1706026460.048453, 8.4]], "memory_usage": [[1706026430.8964617, 26.8], [1706026431.9015381, 27.0], [1706026432.9057233, 28.0], [1706026433.9108794, 28.4], [1706026434.9161522, 28.7], [1706026435.9208302, 28.9], [1706026436.9260082, 29.3], [1706026437.931129, 29.4], [1706026438.9360666, 29.6], [1706026439.9403973, 29.7], [1706026440.9469235, 29.8], [1706026441.9515302, 30.0], [1706026442.956984, 30.2], [1706026443.9619524, 30.7], [1706026444.9670625, 30.6], [1706026445.9716003, 30.4], [1706026446.9772596, 30.3], [1706026447.9819105, 26.8], [1706026448.9895256, 27.1], [1706026449.9945333, 28.0], [1706026451.0004048, 28.3], [1706026452.005752, 28.7], [1706026453.010779, 29.0], [1706026454.016154, 29.2], [1706026455.0237482, 29.3], [1706026456.0289054, 29.6], [1706026457.033483, 29.7], [1706026458.0388465, 29.8], [1706026459.0440567, 30.0], [1706026460.048453, 30.4]]}