{"cpu_usage": [[1706029027.5799508, 4.4], [1706029028.5851161, 13.4], [1706029029.5909135, 6.7], [1706029030.598557, 6.6], [1706029031.605814, 6.2], [1706029032.615591, 9.3], [1706029033.6253319, 19.7], [1706029034.6611683, 13.4], [1706029035.6663854, 10.5], [1706029036.6708195, 10.3], [1706029037.6763933, 9.8], [1706029038.681441, 12.6], [1706029039.6868126, 9.6], [1706029040.6917014, 6.0], [1706029041.6956418, 5.7], [1706029042.7005203, 5.3], [1706029043.7046537, 5.5], [1706029044.7093189, 6.7], [1706029045.714246, 7.9], [1706029046.7184298, 8.0], [1706029047.7233338, 4.9], [1706029048.72769, 6.0], [1706029049.7325153, 10.6], [1706029050.7366748, 10.8], [1706029051.7409604, 15.9], [1706029052.7463095, 7.2], [1706029053.750735, 6.2], [1706029054.7553563, 8.1], [1706029055.763158, 7.4], [1706029056.767937, 9.2], [1706029057.772935, 8.9], [1706029058.7778745, 8.7], [1706029059.7824214, 7.0], [1706029060.7869122, 21.3], [1706029061.7923043, 12.8], [1706029062.796987, 8.9], [1706029063.8016489, 10.7], [1706029064.8061633, 5.3], [1706029065.81071, 6.3], [1706029066.8152256, 19.5], [1706029067.8218336, 36.7], [1706029068.8264687, 49.3]], "memory_usage": [[1706029027.5799508, 26.9], [1706029028.5851161, 27.1], [1706029029.5909135, 27.1], [1706029030.598557, 27.1], [1706029031.605814, 27.1], [1706029032.615591, 27.4], [1706029033.6565957, 28.3], [1706029034.6611683, 28.6], [1706029035.6663854, 29.0], [1706029036.6708195, 29.2], [1706029037.6763933, 29.5], [1706029038.681441, 29.6], [1706029039.6868126, 29.9], [1706029040.6917014, 29.9], [1706029041.6956418, 30.1], [1706029042.7005203, 30.2], [1706029043.7046537, 30.7], [1706029044.7093189, 30.9], [1706029045.714246, 30.8], [1706029046.7184298, 30.6], [1706029047.7233338, 30.6], [1706029048.72769, 30.6], [1706029049.7325153, 27.1], [1706029050.7366748, 28.0], [1706029051.7409604, 28.4], [1706029052.7463095, 28.8], [1706029053.750735, 29.1], [1706029054.7553563, 29.4], [1706029055.763158, 29.5], [1706029056.767937, 29.8], [1706029057.772935, 29.8], [1706029058.7778745, 30.1], [1706029059.7824214, 30.2], [1706029060.7869122, 30.5], [1706029061.7923043, 31.1], [1706029062.796987, 31.1], [1706029063.8016489, 31.0], [1706029064.8061633, 30.7], [1706029065.81071, 30.6], [1706029066.8152256, 27.2], [1706029067.8218336, 27.3], [1706029068.8264687, 27.8]]}