{"cpu_usage": [[1706093071.184166, 3.2], [1706093072.1897445, 17.8], [1706093073.1943326, 17.3], [1706093074.1985757, 19.9], [1706093075.2026737, 17.9], [1706093076.206825, 12.1], [1706093077.2112484, 8.3], [1706093078.2155929, 7.8], [1706093079.2195346, 6.7], [1706093080.2233512, 13.5], [1706093081.2282934, 16.0], [1706093082.2331026, 7.5], [1706093083.2402687, 6.3], [1706093084.2444565, 5.8], [1706093085.2484317, 9.9], [1706093086.252804, 19.4], [1706093087.2582362, 10.2], [1706093088.262142, 10.1], [1706093089.26732, 10.3], [1706093090.2718117, 9.6], [1706093091.2768152, 17.0], [1706093092.280999, 18.0], [1706093093.2856941, 29.7], [1706093094.2908902, 38.0], [1706093095.2961955, 49.0], [1706093096.3020003, 55.4], [1706093097.3142471, 61.2], [1706093098.320201, 58.1], [1706093099.326369, 57.3], [1706093100.3324564, 63.2], [1706093101.3399427, 59.0], [1706093102.3453386, 62.1], [1706093103.3510773, 65.9], [1706093104.3584254, 56.7], [1706093105.3629076, 45.6], [1706093106.3676882, 47.6], [1706093107.372362, 34.2], [1706093108.3769433, 30.1], [1706093109.381176, 30.1], [1706093110.3859317, 21.1], [1706093111.3908305, 19.8], [1706093112.3951988, 23.6], [1706093113.4002624, 30.5], [1706093114.4048228, 19.6], [1706093115.4090602, 17.4], [1706093116.4132133, 14.6], [1706093117.4184742, 11.1], [1706093118.4228275, 10.8], [1706093119.4271815, 16.3], [1706093120.432031, 14.0], [1706093121.437732, 6.7], [1706093122.4424582, 8.3], [1706093123.4470966, 29.2], [1706093124.4587972, 34.2], [1706093125.4639983, 33.2], [1706093126.4694834, 34.5], [1706093127.475441, 31.3], [1706093128.4811733, 35.8], [1706093129.486005, 36.3], [1706093130.491816, 36.5], [1706093131.4979794, 29.7], [1706093132.5028236, 25.8], [1706093133.507659, 27.5], [1706093134.5124152, 34.3], [1706093135.5166256, 32.5], [1706093136.5213253, 36.4], [1706093137.5259898, 39.9], [1706093138.5305781, 29.3], [1706093139.534805, 12.4], [1706093140.5423362, 10.6], [1706093141.5497715, 4.9], [1706093142.5573015, 3.2], [1706093143.5653605, 4.8], [1706093144.5708034, 1.7], [1706093145.5801153, 6.4], [1706093146.5841517, 2.2], [1706093147.5886607, 3.5], [1706093148.5977824, 8.4], [1706093149.6027215, 29.5], [1706093150.6078336, 29.1], [1706093151.6135838, 29.1], [1706093152.6185129, 18.6], [1706093153.6224005, 8.4], [1706093154.6263807, 9.8], [1706093155.6301866, 7.6], [1706093156.6347234, 4.8]], "memory_usage": [[1706093071.1851628, 22.9], [1706093072.1897445, 23.1], [1706093073.1943326, 23.1], [1706093074.1985757, 23.1], [1706093075.2026737, 23.1], [1706093076.206825, 23.1], [1706093077.2112484, 23.0], [1706093078.2155929, 23.0], [1706093079.2195346, 23.0], [1706093080.2233512, 22.7], [1706093081.2282934, 22.8], [1706093082.2331026, 22.8], [1706093083.2402687, 22.8], [1706093084.2444565, 22.7], [1706093085.2484317, 23.4], [1706093086.252804, 24.0], [1706093087.2582362, 24.3], [1706093088.262142, 24.6], [1706093089.26732, 24.9], [1706093090.2718117, 25.2], [1706093091.2768152, 25.4], [1706093092.280999, 26.0], [1706093093.2856941, 26.9], [1706093094.2911754, 28.6], [1706093095.2965422, 30.4], [1706093096.302385, 32.4], [1706093097.3146777, 34.4], [1706093098.320201, 36.1], [1706093099.3266075, 38.1], [1706093100.332639, 39.3], [1706093101.3402975, 40.6], [1706093102.3453386, 41.7], [1706093103.3510773, 42.5], [1706093104.3587043, 43.2], [1706093105.3629076, 43.7], [1706093106.3676882, 44.8], [1706093107.372362, 44.6], [1706093108.3769433, 44.4], [1706093109.381176, 44.2], [1706093110.3859317, 44.4], [1706093111.3908305, 44.8], [1706093112.395521, 45.1], [1706093113.4002624, 45.5], [1706093114.4048228, 45.7], [1706093115.4090602, 45.4], [1706093116.4132133, 45.3], [1706093117.4184742, 45.2], [1706093118.4228275, 45.4], [1706093119.427277, 45.3], [1706093120.432031, 45.1], [1706093121.437732, 45.1], [1706093122.4424582, 45.1], [1706093123.4470966, 45.2], [1706093124.4587972, 45.7], [1706093125.4639983, 46.4], [1706093126.4694834, 47.3], [1706093127.475441, 47.9], [1706093128.4811733, 49.6], [1706093129.4862084, 51.5], [1706093130.491816, 51.5], [1706093131.4979794, 51.2], [1706093132.5028236, 51.2], [1706093133.507659, 51.4], [1706093134.5124152, 51.7], [1706093135.5166802, 51.9], [1706093136.5213253, 52.3], [1706093137.5259898, 53.3], [1706093138.5305781, 53.3], [1706093139.5352857, 53.3], [1706093140.5423362, 53.3], [1706093141.5497715, 53.3], [1706093142.5573015, 53.2], [1706093143.5653605, 53.2], [1706093144.571331, 53.2], [1706093145.5801153, 53.3], [1706093146.5841517, 53.3], [1706093147.5886607, 53.3], [1706093148.5977824, 53.0], [1706093149.6027215, 52.0], [1706093150.6078336, 48.5], [1706093151.6135838, 47.7], [1706093152.6185129, 29.5], [1706093153.6224005, 29.5], [1706093154.6263807, 29.4], [1706093155.6301866, 29.1], [1706093156.6347234, 29.0]]}