{"cpu_usage": [[1706096365.8291955, 2.0], [1706096366.833761, 9.4], [1706096367.8380399, 9.5], [1706096368.8429399, 19.4], [1706096369.847877, 6.4], [1706096370.852237, 7.0], [1706096371.8570635, 4.3], [1706096372.8633301, 25.0], [1706096373.8675952, 47.1], [1706096374.8720026, 5.8], [1706096375.8766978, 4.9], [1706096376.8810203, 4.6], [1706096377.8849096, 4.4], [1706096378.8889554, 7.0], [1706096379.8933532, 5.4], [1706096380.903378, 20.5], [1706096381.9075358, 5.3], [1706096382.9134061, 2.9], [1706096383.9169834, 10.2], [1706096384.9215126, 15.0], [1706096385.9262543, 8.7], [1706096386.9307332, 6.1], [1706096387.9354253, 6.7], [1706096388.9390664, 6.7], [1706096389.943704, 63.9], [1706096390.948839, 9.6], [1706096391.9532547, 4.3], [1706096392.9574096, 4.2], [1706096393.9620962, 4.3], [1706096394.9665213, 4.6], [1706096395.9712777, 5.3], [1706096396.9765174, 26.9], [1706096397.9803808, 6.0], [1706096398.9847023, 4.6], [1706096399.9886467, 7.9], [1706096400.9926994, 32.8], [1706096401.9967043, 33.4]], "memory_usage": [[1706096365.8291955, 23.9], [1706096366.8339329, 24.2], [1706096367.8380399, 25.3], [1706096368.8429399, 25.7], [1706096369.847877, 26.0], [1706096370.852237, 26.3], [1706096371.8570635, 26.5], [1706096372.8633301, 26.6], [1706096373.8675952, 27.0], [1706096374.8720026, 27.1], [1706096375.8766978, 27.2], [1706096376.8810203, 27.4], [1706096377.8849096, 27.8], [1706096378.8889554, 28.1], [1706096379.8933532, 28.0], [1706096380.903378, 27.8], [1706096381.9075358, 27.7], [1706096382.9134061, 24.1], [1706096383.9169834, 24.8], [1706096384.9215126, 25.3], [1706096385.9262543, 25.9], [1706096386.9307332, 26.1], [1706096387.9354253, 26.5], [1706096388.9390664, 26.6], [1706096389.943704, 26.9], [1706096390.948839, 27.0], [1706096391.9532547, 27.1], [1706096392.9574096, 27.3], [1706096393.9620962, 27.4], [1706096394.9665213, 28.1], [1706096395.9712777, 27.9], [1706096396.9765174, 28.1], [1706096397.9803808, 27.8], [1706096398.9847023, 27.7], [1706096399.9886467, 24.2], [1706096400.9926994, 24.4], [1706096401.9976976, 24.8]]}