{"cpu_usage": [[1706094273.2021213, 7.2], [1706094274.2069757, 11.9], [1706094275.212117, 12.0], [1706094276.2171543, 20.1], [1706094277.2222085, 13.5], [1706094278.2268286, 8.1], [1706094279.2321262, 8.7], [1706094280.2370577, 8.2], [1706094281.242906, 24.8], [1706094282.2486393, 20.9], [1706094283.2554064, 35.5], [1706094284.2614143, 30.7], [1706094285.266504, 23.3], [1706094286.2715428, 22.8], [1706094287.2781143, 14.4], [1706094288.283067, 16.8], [1706094289.2878935, 10.5], [1706094290.294072, 10.6], [1706094291.2995534, 9.5], [1706094292.3042448, 8.7], [1706094293.3104315, 16.7], [1706094294.3166826, 23.1], [1706094295.322881, 36.3], [1706094296.3277485, 28.3], [1706094297.3339267, 22.8], [1706094298.340538, 25.0]], "memory_usage": [[1706094273.2022755, 23.9], [1706094274.2069757, 24.1], [1706094275.212117, 25.2], [1706094276.2171543, 25.5], [1706094277.2222085, 25.7], [1706094278.2268286, 26.0], [1706094279.2321262, 26.3], [1706094280.2370577, 26.5], [1706094281.242906, 26.9], [1706094282.2486393, 29.2], [1706094283.2554064, 29.4], [1706094284.2614143, 30.2], [1706094285.266504, 31.0], [1706094286.2717917, 30.0], [1706094287.2781143, 30.6], [1706094288.283067, 31.1], [1706094289.2880383, 31.4], [1706094290.294072, 31.6], [1706094291.2995534, 31.8], [1706094292.3042448, 32.0], [1706094293.3105521, 32.2], [1706094294.3166826, 33.9], [1706094295.322881, 35.0], [1706094296.3277485, 35.6], [1706094297.3339267, 36.4], [1706094298.340538, 35.2]]}