{"cpu_usage": [[1706093557.2291865, 5.1], [1706093558.2336912, 11.5], [1706093559.238231, 17.9], [1706093560.2429724, 12.5], [1706093561.246897, 11.0], [1706093562.2522633, 12.9], [1706093563.2565944, 10.4], [1706093564.261201, 10.3], [1706093565.2653723, 15.8], [1706093566.269739, 7.7], [1706093567.2746, 8.8], [1706093568.2785943, 12.8], [1706093569.2832308, 16.3], [1706093570.2882774, 11.8], [1706093571.2929275, 7.2], [1706093572.2975926, 7.4], [1706093573.302198, 6.8], [1706093574.311657, 15.7], [1706093575.3157768, 17.9], [1706093576.3201141, 31.2], [1706093577.3276434, 71.9], [1706093578.3440914, 91.4], [1706093580.0260637, 94.3], [1706093581.049507, 99.9], [1706093582.0600011, 91.8], [1706093583.0682776, 86.5], [1706093584.0759962, 86.5], [1706093585.0839171, 72.6], [1706093586.092005, 61.6], [1706093587.0990405, 79.8], [1706093588.1321256, 65.5], [1706093589.1390364, 48.6], [1706093590.1452353, 42.6], [1706093591.150686, 43.1], [1706093592.157381, 49.8], [1706093593.164015, 53.5], [1706093594.1702967, 37.0], [1706093595.175961, 39.7], [1706093596.1816802, 46.8], [1706093597.1878319, 35.3], [1706093598.1962678, 34.2], [1706093599.2009594, 30.0], [1706093600.2062495, 21.9], [1706093601.2119248, 20.8], [1706093602.2166793, 20.8], [1706093603.2218258, 18.0], [1706093604.2263763, 12.9], [1706093605.2308095, 10.4], [1706093606.2362707, 11.1], [1706093607.2408705, 20.0], [1706093608.2488592, 79.7], [1706093609.2559023, 69.0], [1706093610.263788, 69.6], [1706093611.2716484, 72.8], [1706093612.2794163, 74.5], [1706093613.2864594, 79.0], [1706093614.294638, 75.9], [1706093615.302102, 75.0], [1706093616.3137383, 78.2], [1706093617.321099, 76.6], [1706093618.3313985, 81.5], [1706093619.337701, 72.9], [1706093620.345313, 71.7], [1706093621.3524473, 68.7], [1706093622.3584704, 47.9], [1706093623.3637435, 19.2], [1706093624.3694139, 10.3], [1706093625.375264, 6.3], [1706093626.382777, 5.4], [1706093627.3927243, 6.0], [1706093628.4056373, 6.0], [1706093629.4122462, 3.7], [1706093630.4185019, 6.6], [1706093631.4316819, 6.0], [1706093632.4374175, 46.1], [1706093633.444268, 57.4], [1706093634.4498188, 41.0], [1706093635.4565737, 22.2], [1706093636.4615657, 9.8], [1706093637.4656892, 10.2], [1706093638.4710233, 11.2], [1706093639.4751997, 14.9], [1706093640.4813242, 8.1]], "memory_usage": [[1706093557.2294986, 23.6], [1706093558.2336912, 23.6], [1706093559.238231, 23.6], [1706093560.2429724, 23.6], [1706093561.246897, 23.6], [1706093562.2522633, 23.6], [1706093563.2565944, 23.4], [1706093564.261201, 23.4], [1706093565.2653723, 23.2], [1706093566.269739, 23.2], [1706093567.2746, 23.2], [1706093568.2785943, 23.9], [1706093569.2832308, 24.5], [1706093570.2882774, 24.8], [1706093571.2929275, 25.2], [1706093572.2975926, 25.5], [1706093573.302198, 25.7], [1706093574.311657, 26.0], [1706093575.3157768, 26.8], [1706093576.3203561, 27.6], [1706093577.3281426, 32.3], [1706093578.8839116, 37.3], [1706093580.0260637, 39.4], [1706093581.051332, 41.3], [1706093582.0605, 44.1], [1706093583.0682776, 46.6], [1706093584.0765057, 49.5], [1706093585.0850613, 51.6], [1706093586.0924654, 52.6], [1706093587.0994942, 53.3], [1706093588.1322863, 54.0], [1706093589.1393442, 54.2], [1706093590.1454706, 54.7], [1706093591.150757, 55.3], [1706093592.1578937, 56.3], [1706093593.164015, 57.5], [1706093594.1702967, 59.3], [1706093595.175961, 59.6], [1706093596.1816802, 59.4], [1706093597.1880198, 59.5], [1706093598.1964447, 59.5], [1706093599.2010317, 59.7], [1706093600.2062495, 59.4], [1706093601.2120366, 59.6], [1706093602.2166793, 59.6], [1706093603.2218258, 59.6], [1706093604.2263763, 59.4], [1706093605.2308095, 59.4], [1706093606.2362707, 59.3], [1706093607.2408705, 59.3], [1706093608.2493818, 60.3], [1706093609.2564042, 61.5], [1706093610.263788, 62.2], [1706093611.2721763, 63.3], [1706093612.2794163, 64.4], [1706093613.2870667, 65.9], [1706093614.294638, 66.7], [1706093615.302102, 68.1], [1706093616.3137383, 71.7], [1706093617.321099, 74.1], [1706093618.3318565, 74.8], [1706093619.337701, 74.8], [1706093620.345313, 76.4], [1706093621.3524473, 77.4], [1706093622.3584704, 77.2], [1706093623.3637435, 77.1], [1706093624.3694139, 77.1], [1706093625.375264, 77.0], [1706093626.3840106, 77.0], [1706093627.3927243, 76.9], [1706093628.4056373, 76.9], [1706093629.4122462, 76.9], [1706093630.4198995, 76.8], [1706093631.4317443, 76.8], [1706093632.4374175, 74.0], [1706093633.444268, 72.8], [1706093634.4498188, 39.8], [1706093635.4565737, 27.8], [1706093636.4615657, 27.9], [1706093637.4656892, 28.2], [1706093638.4710233, 28.1], [1706093639.4751997, 27.9], [1706093640.4813242, 24.6]]}