{"cpu_usage": [[1706026890.9239113, 41.1], [1706026891.9297206, 11.5], [1706026892.9345956, 10.2], [1706026893.9391644, 16.2], [1706026894.9438198, 6.7], [1706026895.9482937, 12.1], [1706026896.9531314, 8.7], [1706026897.9572778, 12.5], [1706026898.9618816, 9.8], [1706026899.9663708, 6.2], [1706026900.9719522, 6.5], [1706026901.976722, 6.5], [1706026902.9818597, 6.3], [1706026903.9861834, 8.6], [1706026904.9908473, 6.0], [1706026905.995758, 10.6], [1706026907.0004528, 6.4], [1706026908.0050218, 7.7], [1706026909.0093994, 13.9], [1706026910.013982, 12.8], [1706026911.0194404, 21.0], [1706026912.024807, 13.4], [1706026913.029528, 9.9], [1706026914.0345793, 9.0], [1706026915.0387046, 14.0], [1706026916.0430245, 11.6], [1706026917.047195, 6.8], [1706026918.0526834, 6.5], [1706026919.0571632, 6.2], [1706026920.0624237, 6.1], [1706026921.0689223, 6.7], [1706026922.0740476, 6.9], [1706026923.079035, 12.4], [1706026924.0840826, 12.0], [1706026925.0882566, 6.0], [1706026926.0931103, 10.7], [1706026927.0992002, 37.5], [1706026928.1742458, 37.5]], "memory_usage": [[1706026890.924912, 26.8], [1706026891.9297206, 27.0], [1706026892.9345956, 27.9], [1706026893.9391644, 28.3], [1706026894.9438198, 28.6], [1706026895.9482937, 28.9], [1706026896.9531314, 29.2], [1706026897.9572778, 29.3], [1706026898.9618816, 29.5], [1706026899.9663708, 29.6], [1706026900.9719522, 29.7], [1706026901.976722, 29.9], [1706026902.9818597, 30.3], [1706026903.9861834, 30.5], [1706026904.9908473, 30.4], [1706026905.995758, 30.3], [1706026907.0004528, 30.2], [1706026908.0050218, 29.2], [1706026909.0093994, 26.8], [1706026910.013982, 27.7], [1706026911.0194404, 28.2], [1706026912.0250978, 28.6], [1706026913.029528, 28.9], [1706026914.0345793, 29.2], [1706026915.0387046, 29.2], [1706026916.0430245, 29.4], [1706026917.047195, 29.6], [1706026918.0526834, 29.6], [1706026919.0571632, 29.8], [1706026920.0624237, 29.9], [1706026921.0690372, 30.5], [1706026922.0740476, 30.6], [1706026923.079035, 30.5], [1706026924.0840826, 30.2], [1706026925.0882566, 30.2], [1706026926.0931103, 26.6], [1706026927.164001, 27.2], [1706026928.1742458, 27.0]]}