{"cpu_usage": [[1706026929.2462873, 47.2], [1706026930.2519343, 11.5], [1706026931.2571049, 15.0], [1706026932.2623453, 18.4], [1706026933.2671118, 9.4], [1706026934.2718034, 9.7], [1706026935.2774148, 14.5], [1706026936.282021, 11.7], [1706026937.2867012, 8.7], [1706026938.2916121, 6.2], [1706026939.2973094, 7.3], [1706026940.3019767, 5.8], [1706026941.3069906, 6.2], [1706026942.3113453, 9.1], [1706026943.3155985, 7.8], [1706026944.3208115, 13.2], [1706026945.3248308, 6.7], [1706026946.3292794, 10.7], [1706026947.333494, 8.9], [1706026948.3377116, 10.9], [1706026949.344022, 20.7], [1706026950.3489628, 9.9], [1706026951.3539965, 5.9], [1706026952.3590934, 9.1], [1706026953.3639884, 7.4], [1706026954.3686302, 17.6], [1706026955.3729866, 7.5], [1706026956.37725, 7.7], [1706026957.3824248, 8.0], [1706026958.387067, 8.5], [1706026959.3926003, 9.5], [1706026960.3976893, 6.4], [1706026961.4026983, 7.8], [1706026962.4065394, 15.1], [1706026963.4105499, 6.4], [1706026964.4151857, 5.6], [1706026965.419897, 14.4], [1706026966.4400692, 44.9], [1706026967.4647243, 39.5]], "memory_usage": [[1706026929.2462873, 26.7], [1706026930.2519343, 26.9], [1706026931.2571049, 27.9], [1706026932.2623453, 28.2], [1706026933.2671118, 28.7], [1706026934.2718034, 29.0], [1706026935.2774148, 29.2], [1706026936.282021, 29.3], [1706026937.2868447, 29.6], [1706026938.2916121, 29.6], [1706026939.2973094, 29.7], [1706026940.3019767, 29.9], [1706026941.3069906, 30.3], [1706026942.3113453, 30.6], [1706026943.3155985, 30.5], [1706026944.3208115, 30.3], [1706026945.3248308, 30.3], [1706026946.3292794, 27.7], [1706026947.333494, 26.8], [1706026948.3377116, 27.1], [1706026949.344022, 28.0], [1706026950.3489628, 28.3], [1706026951.3539965, 28.6], [1706026952.3590934, 28.9], [1706026953.3639884, 29.1], [1706026954.3686302, 29.4], [1706026955.3729866, 29.4], [1706026956.37725, 29.6], [1706026957.3824248, 29.8], [1706026958.387067, 30.0], [1706026959.3926003, 30.4], [1706026960.3976893, 30.7], [1706026961.4026983, 30.5], [1706026962.4065394, 30.3], [1706026963.4105499, 30.3], [1706026964.4151857, 26.7], [1706026965.419897, 26.7], [1706026966.4440885, 27.3], [1706026967.4647243, 26.9]]}