{"cpu_usage": [[1706026851.6573024, 5.5], [1706026852.6634824, 11.0], [1706026853.6686683, 16.7], [1706026854.673661, 18.8], [1706026855.678574, 12.3], [1706026856.68364, 9.0], [1706026857.6883712, 9.8], [1706026858.6934688, 10.5], [1706026859.6986153, 8.3], [1706026860.7042477, 9.8], [1706026861.7100954, 7.7], [1706026862.7151182, 7.4], [1706026863.720047, 6.5], [1706026864.7246115, 7.9], [1706026865.7292693, 7.1], [1706026866.7344673, 10.2], [1706026867.741146, 6.2], [1706026868.745754, 4.5], [1706026869.750094, 15.5], [1706026870.7541802, 18.3], [1706026871.759833, 9.3], [1706026872.76468, 7.1], [1706026873.7694895, 9.6], [1706026874.7736814, 6.4], [1706026875.7783988, 14.3], [1706026876.7833946, 8.4], [1706026877.7884793, 7.1], [1706026878.7938378, 7.3], [1706026879.799086, 9.4], [1706026880.8053584, 9.0], [1706026881.8109663, 12.6], [1706026882.818342, 10.7], [1706026883.8239765, 14.1], [1706026884.8288503, 6.7], [1706026885.8367534, 7.4], [1706026886.8412483, 7.8], [1706026887.8457282, 11.3], [1706026888.857297, 35.1], [1706026889.8651881, 32.8]], "memory_usage": [[1706026851.6573024, 26.4], [1706026852.6634824, 26.7], [1706026853.6686683, 27.7], [1706026854.673661, 28.0], [1706026855.678574, 28.4], [1706026856.68364, 28.7], [1706026857.6883712, 29.1], [1706026858.6934688, 29.2], [1706026859.6986153, 29.5], [1706026860.7042477, 29.5], [1706026861.7100954, 29.7], [1706026862.7151182, 29.8], [1706026863.7202559, 30.2], [1706026864.7246115, 30.5], [1706026865.7292693, 30.4], [1706026866.7344673, 30.2], [1706026867.741146, 30.2], [1706026868.745754, 26.6], [1706026869.750094, 27.0], [1706026870.7541802, 27.8], [1706026871.759833, 28.2], [1706026872.76468, 28.6], [1706026873.7694895, 28.9], [1706026874.7736814, 29.1], [1706026875.7783988, 29.3], [1706026876.7833946, 29.4], [1706026877.7884793, 29.5], [1706026878.7938378, 29.7], [1706026879.799086, 29.8], [1706026880.8053584, 30.3], [1706026881.8109663, 30.4], [1706026882.818342, 30.5], [1706026883.8239765, 30.3], [1706026884.8288503, 30.3], [1706026885.8367534, 30.2], [1706026886.8412483, 30.2], [1706026887.8457282, 26.7], [1706026888.8593535, 27.3], [1706026889.8651881, 26.8]]}