{"cpu_usage": [[1706027981.302746, 40.1], [1706027982.3069293, 14.3], [1706027983.3115706, 11.3], [1706027984.3166533, 18.5], [1706027985.3211122, 6.6], [1706027986.3262873, 7.6], [1706027987.3306057, 6.0], [1706027988.3399274, 11.0], [1706027989.3447256, 10.8], [1706027990.349542, 14.0], [1706027991.3551173, 10.3], [1706027992.36003, 8.4], [1706027993.3646138, 6.1], [1706027994.3724768, 2.7], [1706027995.3770227, 5.1], [1706027996.3814294, 5.7], [1706027997.38639, 5.1], [1706027998.391428, 5.5], [1706027999.3964362, 8.3], [1706028000.40141, 8.4], [1706028001.4071085, 6.0], [1706028002.4120188, 5.7], [1706028003.4164886, 4.4], [1706028004.423033, 3.5], [1706028005.4288974, 2.0], [1706028006.4353828, 2.0], [1706028007.4422998, 2.3], [1706028008.4509668, 3.0], [1706028009.4596663, 1.9], [1706028010.4657526, 4.0], [1706028011.4737625, 7.8], [1706028012.4787982, 5.4], [1706028013.4834673, 3.2], [1706028014.4890769, 6.4], [1706028015.4943373, 4.8], [1706028016.4993029, 6.2], [1706028017.5036838, 9.8], [1706028018.5080438, 15.4], [1706028019.5126367, 9.9], [1706028020.5172803, 6.3], [1706028021.5224743, 10.1], [1706028022.5269818, 7.2], [1706028023.5312283, 15.9], [1706028024.5362635, 11.4], [1706028025.5412977, 13.7], [1706028026.5462177, 7.7], [1706028027.5507843, 7.9], [1706028028.5550547, 6.0], [1706028029.560279, 4.5], [1706028030.564548, 5.2], [1706028031.5704305, 6.2], [1706028032.575758, 5.6], [1706028033.5804236, 5.9], [1706028034.5847685, 8.0], [1706028035.5892022, 6.3], [1706028036.5940616, 8.9], [1706028037.5996356, 4.1], [1706028038.6082196, 2.3], [1706028039.6191297, 2.2], [1706028040.6278253, 5.8], [1706028041.6368876, 2.8], [1706028042.6413891, 3.6], [1706028043.6449034, 6.0], [1706028044.6494877, 6.7], [1706028045.6541417, 5.1], [1706028046.657871, 8.7], [1706028047.662212, 4.7], [1706028048.666924, 9.6], [1706028049.6715932, 38.3], [1706028050.676048, 33.2]], "memory_usage": [[1706027981.3029363, 26.6], [1706027982.3069293, 26.8], [1706027983.3115706, 27.9], [1706027984.3166533, 28.2], [1706027985.3211122, 28.6], [1706027986.3262873, 28.8], [1706027987.3306057, 29.1], [1706027988.3399274, 29.3], [1706027989.3447256, 30.1], [1706027990.349542, 30.4], [1706027991.3551173, 30.7], [1706027992.36003, 30.9], [1706027993.3647835, 31.1], [1706027994.3724768, 31.0], [1706027995.3770227, 31.1], [1706027996.3814294, 31.3], [1706027997.38639, 31.4], [1706027998.391428, 31.5], [1706027999.3964362, 31.6], [1706028000.40141, 32.1], [1706028001.4071085, 32.3], [1706028002.4120188, 32.4], [1706028003.4164886, 32.3], [1706028004.423033, 32.3], [1706028005.4288974, 32.2], [1706028006.4353828, 32.2], [1706028007.4432898, 32.2], [1706028008.4509668, 32.2], [1706028009.4596663, 32.2], [1706028010.4657526, 32.2], [1706028011.4737625, 32.0], [1706028012.4787982, 31.9], [1706028013.4834673, 29.1], [1706028014.4890769, 28.8], [1706028015.4943373, 28.8], [1706028016.4993029, 26.6], [1706028017.5036838, 27.4], [1706028018.5080438, 27.8], [1706028019.5126367, 28.2], [1706028020.5172803, 28.5], [1706028021.5224743, 28.8], [1706028022.5269818, 29.0], [1706028023.5312283, 29.2], [1706028024.5362635, 30.1], [1706028025.5413644, 30.4], [1706028026.5462177, 30.6], [1706028027.5507843, 30.8], [1706028028.5550547, 31.0], [1706028029.560279, 31.1], [1706028030.564548, 31.2], [1706028031.5704305, 31.4], [1706028032.575758, 31.5], [1706028033.5804236, 31.6], [1706028034.5847685, 32.2], [1706028035.5892022, 32.2], [1706028036.5940616, 32.2], [1706028037.5996356, 32.2], [1706028038.6082196, 32.2], [1706028039.6191297, 32.2], [1706028040.6278253, 32.2], [1706028041.6368876, 32.2], [1706028042.6413891, 32.2], [1706028043.6449034, 32.2], [1706028044.6494877, 32.0], [1706028045.6541417, 31.4], [1706028046.657871, 28.8], [1706028047.662308, 28.8], [1706028048.666924, 26.5], [1706028049.6716943, 27.1], [1706028050.676048, 27.1]]}