{"cpu_usage": [[1706103747.105272, 4.1], [1706103748.1092403, 14.2], [1706103749.113536, 13.9], [1706103750.1173196, 8.5], [1706103751.1219544, 13.4], [1706103752.1258326, 14.3], [1706103753.1296415, 12.7], [1706103754.134531, 16.3], [1706103755.1384525, 24.6], [1706103756.1449974, 6.9], [1706103757.1557422, 37.1], [1706103758.1609812, 40.0], [1706103759.1651263, 42.9], [1706103760.169538, 38.9], [1706103761.1735487, 27.2], [1706103762.1774485, 23.9], [1706103763.1823688, 22.3], [1706103764.1862788, 22.2], [1706103765.190777, 52.9], [1706103766.1958113, 72.2], [1706103767.2028246, 65.1], [1706103768.210283, 75.8], [1706103769.2177894, 62.4], [1706103770.2261949, 61.5], [1706103771.235542, 53.8], [1706103772.2399697, 48.3], [1706103773.2465105, 73.2], [1706103774.2555625, 67.4], [1706103775.2649589, 62.2], [1706103776.2707317, 52.9], [1706103777.276773, 53.2], [1706103778.2812414, 46.3], [1706103779.286023, 58.5], [1706103780.2921486, 44.3], [1706103781.297398, 29.2], [1706103782.3020558, 24.2], [1706103783.3066833, 24.3], [1706103784.3111668, 27.6], [1706103785.3153114, 24.2], [1706103786.321315, 25.7], [1706103787.326386, 21.4], [1706103788.331626, 26.1], [1706103789.3372529, 23.5], [1706103790.3417473, 31.8], [1706103791.3477569, 25.7], [1706103792.352474, 21.6], [1706103793.3584168, 27.6], [1706103794.363683, 22.3], [1706103795.3678517, 25.8], [1706103796.372417, 24.8], [1706103797.3784566, 27.7], [1706103798.3837922, 29.6], [1706103799.3881898, 33.2], [1706103800.3929608, 35.1], [1706103801.3972476, 33.5], [1706103802.4017854, 21.5], [1706103803.4060652, 24.4], [1706103804.411072, 32.1], [1706103805.415986, 22.0], [1706103806.4208689, 17.5], [1706103807.426934, 19.8], [1706103808.431421, 12.1], [1706103809.435772, 14.2], [1706103810.4408379, 27.2], [1706103811.4455972, 18.9], [1706103812.449944, 14.0], [1706103813.4545908, 2.9], [1706103814.4658742, 1.7], [1706103815.4733582, 1.9], [1706103816.479698, 3.0], [1706103817.4928987, 2.2], [1706103818.497842, 3.8], [1706103819.5064425, 1.7], [1706103820.516874, 2.5], [1706103821.523674, 18.3], [1706103822.5335872, 28.5], [1706103823.5375738, 28.5], [1706103824.5425332, 17.9], [1706103825.546358, 11.4], [1706103826.550017, 5.6], [1706103827.5557868, 3.5], [1706103828.5627332, 4.4], [1706103829.5697634, 3.5]], "memory_usage": [[1706103747.1054876, 25.4], [1706103748.1092403, 25.3], [1706103749.113536, 25.5], [1706103750.1173196, 25.5], [1706103751.1219544, 26.5], [1706103752.1258326, 26.6], [1706103753.1296415, 27.0], [1706103754.134531, 27.4], [1706103755.1384525, 27.7], [1706103756.1449974, 27.8], [1706103757.155893, 28.2], [1706103758.1609812, 28.6], [1706103759.1651263, 28.9], [1706103760.169538, 29.6], [1706103761.1735487, 30.3], [1706103762.1774485, 30.5], [1706103763.1825628, 30.6], [1706103764.1862788, 31.0], [1706103765.1908906, 33.0], [1706103766.1962187, 36.6], [1706103767.2028246, 36.8], [1706103768.2108045, 38.9], [1706103769.218291, 40.7], [1706103770.2261949, 42.2], [1706103771.235542, 43.2], [1706103772.2404764, 43.6], [1706103773.2472138, 44.4], [1706103774.2562995, 45.5], [1706103775.2649589, 47.9], [1706103776.2707999, 48.5], [1706103777.2770686, 49.1], [1706103778.2812414, 49.4], [1706103779.2863889, 49.8], [1706103780.2921486, 49.9], [1706103781.297398, 50.1], [1706103782.3020558, 50.4], [1706103783.3066833, 51.4], [1706103784.3111668, 51.2], [1706103785.3153114, 51.6], [1706103786.321315, 51.1], [1706103787.3268852, 50.8], [1706103788.331626, 51.0], [1706103789.3372529, 51.6], [1706103790.3418894, 52.1], [1706103791.3477569, 52.5], [1706103792.352474, 53.5], [1706103793.3584168, 54.8], [1706103794.363683, 54.8], [1706103795.3678517, 55.5], [1706103796.372417, 56.0], [1706103797.3786488, 56.1], [1706103798.3837922, 56.4], [1706103799.3881898, 56.8], [1706103800.3929608, 57.5], [1706103801.3972476, 57.4], [1706103802.4017854, 57.4], [1706103803.4060652, 57.4], [1706103804.411072, 57.6], [1706103805.415986, 57.6], [1706103806.4208689, 57.7], [1706103807.426934, 57.8], [1706103808.431421, 58.0], [1706103809.435772, 58.0], [1706103810.4408379, 57.5], [1706103811.4455972, 57.1], [1706103812.449944, 56.7], [1706103813.4545908, 56.6], [1706103814.4658742, 56.5], [1706103815.4733582, 56.5], [1706103816.479698, 56.5], [1706103817.4928987, 56.5], [1706103818.4983556, 56.4], [1706103819.5064425, 56.4], [1706103820.516874, 56.4], [1706103821.523674, 55.3], [1706103822.5335872, 54.9], [1706103823.5375738, 46.5], [1706103824.5425332, 35.3], [1706103825.546358, 31.0], [1706103826.550017, 30.7], [1706103827.5557868, 30.4], [1706103828.5627332, 30.3], [1706103829.5697634, 24.2]]}