{"cpu_usage": [[1706096229.4438431, 17.0], [1706096230.4491758, 13.3], [1706096231.453658, 14.0], [1706096232.4577155, 17.5], [1706096233.465503, 9.7], [1706096234.4696593, 6.8], [1706096235.473749, 8.9], [1706096236.478042, 12.3], [1706096237.4843292, 22.5], [1706096238.497699, 24.7], [1706096239.5035033, 38.0], [1706096240.5081916, 28.2], [1706096241.5132813, 22.8], [1706096242.5180256, 23.3], [1706096243.5222082, 12.2], [1706096244.5264156, 17.8], [1706096245.5314143, 24.2], [1706096246.5357404, 25.2], [1706096247.5402455, 25.7], [1706096248.544569, 23.0], [1706096249.5500934, 22.2], [1706096250.554963, 22.5], [1706096251.5601418, 38.1], [1706096252.5658362, 39.0], [1706096253.571765, 36.3], [1706096254.5775156, 33.8], [1706096255.5829968, 35.0], [1706096256.5890172, 33.2], [1706096257.5937436, 30.3], [1706096258.5996196, 31.4], [1706096259.6053503, 24.4], [1706096260.6097975, 18.4], [1706096261.6147048, 11.9], [1706096262.6195536, 8.1], [1706096263.623712, 5.2], [1706096264.628795, 8.2], [1706096265.6330583, 4.0], [1706096266.6405737, 8.2], [1706096267.644738, 9.1], [1706096268.6485436, 18.2], [1706096269.6540897, 10.4], [1706096270.6591182, 6.7], [1706096271.6634192, 7.9], [1706096272.668333, 5.7], [1706096273.6722648, 27.3], [1706096274.676393, 25.0], [1706096275.681264, 39.1], [1706096276.6860416, 32.9], [1706096277.6902628, 27.0], [1706096278.6944435, 22.1], [1706096279.7008405, 18.9], [1706096280.705355, 23.3], [1706096281.7098436, 23.0], [1706096282.7141058, 22.2], [1706096283.7186537, 23.1], [1706096284.7231722, 22.7], [1706096285.7273235, 30.8], [1706096286.73162, 32.3], [1706096287.7355978, 34.0], [1706096288.740107, 33.9], [1706096289.745514, 31.5], [1706096290.7498581, 30.4], [1706096291.7538135, 23.4], [1706096292.7582498, 21.0], [1706096293.7622213, 25.4], [1706096294.7671206, 20.7], [1706096295.7720988, 21.5], [1706096296.7767544, 15.3], [1706096297.7813365, 7.0], [1706096298.7848809, 4.0], [1706096299.7918274, 4.9], [1706096300.8011475, 6.1], [1706096301.8056414, 3.7], [1706096302.816296, 10.5], [1706096303.8223987, 31.9], [1706096304.82633, 45.1]], "memory_usage": [[1706096229.4438431, 24.3], [1706096230.4491758, 24.5], [1706096231.453658, 25.4], [1706096232.4577155, 25.8], [1706096233.465503, 25.9], [1706096234.4696593, 26.3], [1706096235.473749, 26.6], [1706096236.478042, 26.7], [1706096237.4843292, 27.3], [1706096238.497699, 29.5], [1706096239.5035033, 29.8], [1706096240.5081916, 30.7], [1706096241.5135326, 31.6], [1706096242.5180256, 32.4], [1706096243.52235, 32.4], [1706096244.5264156, 32.4], [1706096245.5314143, 32.8], [1706096246.5361693, 33.0], [1706096247.5402455, 33.3], [1706096248.544569, 33.6], [1706096249.5500934, 33.8], [1706096250.554963, 34.4], [1706096251.5601418, 35.3], [1706096252.5658362, 35.4], [1706096253.571765, 35.5], [1706096254.5775156, 35.5], [1706096255.5829968, 35.4], [1706096256.5890172, 35.2], [1706096257.5937436, 35.2], [1706096258.5996196, 35.1], [1706096259.6053503, 34.7], [1706096260.6097975, 34.8], [1706096261.6147048, 32.5], [1706096262.6195536, 29.7], [1706096263.623712, 26.7], [1706096264.628795, 26.4], [1706096265.6330583, 26.4], [1706096266.6405737, 24.3], [1706096267.644738, 25.3], [1706096268.6485436, 25.7], [1706096269.6540897, 25.9], [1706096270.6591182, 26.2], [1706096271.6634192, 26.4], [1706096272.668333, 26.6], [1706096273.6722648, 27.2], [1706096274.676393, 29.4], [1706096275.681264, 29.7], [1706096276.6860416, 30.8], [1706096277.6902628, 31.5], [1706096278.6944435, 32.3], [1706096279.7008405, 32.6], [1706096280.705355, 32.8], [1706096281.7098436, 33.0], [1706096282.7141058, 33.3], [1706096283.7186537, 33.6], [1706096284.7231722, 34.2], [1706096285.7273235, 34.7], [1706096286.73162, 34.8], [1706096287.7355978, 34.9], [1706096288.740107, 34.9], [1706096289.745514, 34.9], [1706096290.7498581, 34.9], [1706096291.7538135, 34.9], [1706096292.7582498, 34.9], [1706096293.7622213, 34.6], [1706096294.7671206, 34.4], [1706096295.7720988, 32.7], [1706096296.7767544, 29.8], [1706096297.7813365, 29.6], [1706096298.7848809, 29.5], [1706096299.7918274, 26.7], [1706096300.8011475, 26.5], [1706096301.8056414, 26.4], [1706096302.8172717, 24.3], [1706096303.8223987, 24.4], [1706096304.82633, 24.8]]}