{"cpu_usage": [[1706025307.9233067, 4.1], [1706025308.9281082, 16.1], [1706025309.9324505, 8.0], [1706025310.9374952, 7.1], [1706025311.9475372, 6.9], [1706025312.9541252, 9.9], [1706025313.959954, 20.2], [1706025314.9654417, 14.0], [1706025315.9701765, 10.6], [1706025316.9749696, 11.7], [1706025317.9801698, 10.2], [1706025318.9856355, 16.9], [1706025319.9908173, 12.9], [1706025320.9954777, 14.1], [1706025322.0001538, 12.6], [1706025323.0053077, 8.0], [1706025324.009706, 8.0], [1706025325.013597, 8.7], [1706025326.0181775, 10.4], [1706025327.02276, 10.2], [1706025328.0283675, 6.9], [1706025329.0341322, 7.3], [1706025330.0453348, 16.2], [1706025331.0506594, 19.2], [1706025332.0551114, 10.7], [1706025333.0598705, 10.8], [1706025334.0647426, 12.0], [1706025335.0696676, 10.2], [1706025336.0740535, 19.2], [1706025337.0788996, 8.7], [1706025338.0853205, 9.4], [1706025339.090283, 6.8], [1706025340.0951936, 6.5], [1706025341.099442, 7.4], [1706025342.105123, 7.7], [1706025343.1092982, 10.2], [1706025344.114585, 11.7], [1706025345.1191747, 5.7], [1706025346.1282556, 6.9], [1706025347.135498, 33.1]], "memory_usage": [[1706025307.923393, 25.8], [1706025308.9281082, 26.0], [1706025309.9324505, 26.0], [1706025310.9374952, 26.0], [1706025311.9475372, 26.0], [1706025312.9541252, 26.4], [1706025313.959954, 27.2], [1706025314.9654417, 27.6], [1706025315.9701765, 28.0], [1706025316.9749696, 28.2], [1706025317.9801698, 28.4], [1706025318.9857686, 28.7], [1706025319.9908173, 28.8], [1706025320.9954777, 29.0], [1706025322.000377, 29.2], [1706025323.0053077, 29.4], [1706025324.009706, 29.9], [1706025325.013597, 29.9], [1706025326.0181775, 30.0], [1706025327.02276, 29.7], [1706025328.0283675, 29.7], [1706025329.0341322, 26.2], [1706025330.0453348, 26.5], [1706025331.0506594, 27.4], [1706025332.0551114, 27.8], [1706025333.0598705, 28.2], [1706025334.0647426, 28.5], [1706025335.0696676, 28.6], [1706025336.0740535, 28.9], [1706025337.0790665, 29.0], [1706025338.0853205, 29.5], [1706025339.090283, 29.7], [1706025340.0951936, 29.8], [1706025341.099442, 30.3], [1706025342.105123, 30.5], [1706025343.1094196, 30.4], [1706025344.114585, 30.1], [1706025345.1191747, 30.1], [1706025346.1282556, 26.6], [1706025347.135498, 27.1]]}