{"cpu_usage": [[1706030125.8266969, 10.7], [1706030126.8316507, 15.8], [1706030127.8361216, 29.0], [1706030128.8421302, 22.3], [1706030129.8463895, 22.1], [1706030130.8514102, 14.8], [1706030131.856741, 21.1], [1706030132.8624568, 16.9], [1706030133.8676717, 16.4], [1706030134.8720303, 21.1], [1706030135.8784504, 15.1], [1706030136.8833299, 15.0], [1706030137.888732, 18.3], [1706030138.89345, 21.1], [1706030139.8992527, 23.3], [1706030140.9042537, 15.0], [1706030141.9091747, 12.0], [1706030142.9137018, 12.3], [1706030143.9183915, 10.5], [1706030144.943369, 25.6], [1706030146.0116913, 15.4], [1706030147.0164745, 38.8], [1706030148.021146, 45.5], [1706030149.0274525, 52.0], [1706030150.0336425, 49.5], [1706030151.038856, 27.4], [1706030152.0443556, 32.8], [1706030153.049344, 27.4], [1706030154.0544963, 25.5], [1706030155.0593245, 26.4], [1706030156.0652328, 22.7], [1706030157.0701334, 22.1], [1706030158.0754273, 20.9], [1706030159.0801752, 16.4], [1706030160.0856204, 16.7], [1706030161.0912037, 18.2], [1706030162.096132, 24.9], [1706030163.1016645, 29.4], [1706030164.106724, 21.4], [1706030165.1132019, 22.2], [1706030166.1193337, 26.6], [1706030167.1245606, 25.6], [1706030168.1294143, 23.1], [1706030169.1344624, 33.0], [1706030170.1392324, 45.8], [1706030171.1452742, 51.3], [1706030172.1501458, 47.4], [1706030173.1565247, 39.2], [1706030174.1622465, 26.5], [1706030175.166954, 21.1], [1706030176.1731699, 16.2], [1706030177.1783776, 15.2], [1706030178.1837053, 13.9], [1706030179.1883392, 14.2], [1706030180.1926835, 9.9], [1706030181.198632, 14.6], [1706030182.2038422, 13.8], [1706030183.208758, 16.6], [1706030184.2135487, 16.1], [1706030185.2179086, 14.7], [1706030186.2237632, 14.4], [1706030187.2288175, 12.9], [1706030188.233364, 8.5], [1706030189.2387707, 14.6], [1706030190.244441, 16.8], [1706030191.2495654, 15.9], [1706030192.2546077, 14.1], [1706030193.2594955, 7.5], [1706030194.2641218, 8.2], [1706030195.2685483, 7.4], [1706030196.2741227, 6.6], [1706030197.2790904, 5.9], [1706030198.2839456, 6.7], [1706030199.2890904, 5.5], [1706030200.294078, 4.8], [1706030201.2983494, 6.0], [1706030202.3031356, 8.4], [1706030203.3082826, 13.0], [1706030204.3135495, 10.5], [1706030205.3187485, 15.1], [1706030206.3262005, 9.0], [1706030207.331475, 8.2], [1706030208.3365269, 6.9]], "memory_usage": [[1706030125.8268278, 28.0], [1706030126.8316507, 27.9], [1706030127.8362486, 28.0], [1706030128.8421302, 28.0], [1706030129.8463895, 27.9], [1706030130.8514102, 27.8], [1706030131.856741, 27.8], [1706030132.8624568, 27.8], [1706030133.8676717, 27.7], [1706030134.8720303, 27.7], [1706030135.8784504, 27.7], [1706030136.8834815, 27.6], [1706030137.888732, 27.9], [1706030138.89345, 28.7], [1706030139.8992527, 28.9], [1706030140.9042537, 29.3], [1706030141.9091747, 29.7], [1706030142.9137018, 29.9], [1706030143.9183915, 30.1], [1706030145.0056698, 30.7], [1706030146.0116913, 31.1], [1706030147.0164745, 31.8], [1706030148.0213423, 33.5], [1706030149.027738, 34.4], [1706030150.0336425, 34.7], [1706030151.038856, 34.4], [1706030152.0443556, 34.6], [1706030153.049344, 34.1], [1706030154.0544963, 34.0], [1706030155.0593245, 33.9], [1706030156.0652328, 34.2], [1706030157.0701334, 34.0], [1706030158.0754273, 33.8], [1706030159.0801752, 33.6], [1706030160.0856204, 33.9], [1706030161.0912037, 33.9], [1706030162.096132, 34.2], [1706030163.1016645, 35.1], [1706030164.106724, 35.1], [1706030165.1132019, 35.4], [1706030166.1193337, 35.5], [1706030167.1245606, 35.8], [1706030168.1294143, 35.7], [1706030169.1344624, 35.9], [1706030170.1394763, 36.1], [1706030171.1452742, 36.4], [1706030172.1501458, 36.2], [1706030173.1565247, 36.3], [1706030174.1622465, 36.2], [1706030175.166954, 36.2], [1706030176.1731699, 36.1], [1706030177.1783776, 36.0], [1706030178.1837053, 36.0], [1706030179.1883392, 36.1], [1706030180.1926835, 36.1], [1706030181.198632, 36.3], [1706030182.2038422, 36.6], [1706030183.208758, 36.6], [1706030184.2135487, 36.8], [1706030185.2179086, 36.9], [1706030186.2237632, 36.9], [1706030187.2288175, 37.6], [1706030188.233364, 37.5], [1706030189.2387707, 37.5], [1706030190.244441, 37.5], [1706030191.2495654, 37.5], [1706030192.2546077, 37.5], [1706030193.2594955, 37.5], [1706030194.2641218, 37.5], [1706030195.2685483, 37.5], [1706030196.2741227, 37.5], [1706030197.2790904, 37.5], [1706030198.2839456, 37.5], [1706030199.2890904, 37.5], [1706030200.2942371, 37.4], [1706030201.2983494, 37.4], [1706030202.3031356, 37.2], [1706030203.3082826, 37.5], [1706030204.3135495, 34.4], [1706030205.3187485, 34.4], [1706030206.3262005, 34.3], [1706030207.331475, 34.0], [1706030208.3365269, 33.8]]}