{"cpu_usage": [[1706103660.5412912, 6.1], [1706103661.5463936, 16.0], [1706103662.550432, 13.8], [1706103663.5545905, 10.0], [1706103664.5585573, 6.6], [1706103665.5670772, 5.3], [1706103666.5748832, 5.2], [1706103667.584833, 12.6], [1706103668.5893714, 18.0], [1706103669.593013, 10.1], [1706103670.5983355, 8.6], [1706103671.6026638, 6.4], [1706103672.6073074, 4.6], [1706103673.6177075, 27.9], [1706103674.621921, 36.9], [1706103675.6258097, 36.6], [1706103676.629682, 31.3], [1706103677.6338985, 30.0], [1706103678.6382906, 24.9], [1706103679.6421967, 25.9], [1706103680.6466806, 23.3], [1706103681.6510496, 22.4], [1706103682.6554768, 22.4], [1706103683.6593375, 23.9], [1706103684.6636608, 15.7], [1706103685.6680977, 28.2], [1706103686.6723816, 38.3], [1706103687.6768432, 31.6], [1706103688.681404, 31.9], [1706103689.6863866, 32.4], [1706103690.6915686, 25.1], [1706103691.6963947, 29.2], [1706103692.7007422, 52.2], [1706103693.7054431, 55.5], [1706103694.710294, 59.6], [1706103695.715122, 59.7], [1706103696.7191684, 54.5], [1706103697.7240963, 48.1], [1706103698.7283661, 35.0], [1706103699.7330542, 43.5], [1706103700.7388864, 41.7], [1706103701.7431545, 32.4], [1706103702.747509, 16.0], [1706103703.7512064, 17.7], [1706103704.7563474, 16.1], [1706103705.7607522, 10.8], [1706103706.7696905, 9.3], [1706103707.7749078, 4.6], [1706103708.7788606, 13.1], [1706103709.7827938, 17.3], [1706103710.787554, 14.3], [1706103711.79202, 13.5], [1706103712.7972806, 17.1], [1706103713.8023975, 16.0], [1706103714.8075325, 18.0], [1706103715.811576, 20.0], [1706103716.8157315, 17.1], [1706103717.819779, 15.0], [1706103718.824936, 18.1], [1706103719.8295493, 16.9], [1706103720.8353262, 18.4], [1706103721.839606, 15.4], [1706103722.8442361, 10.3], [1706103723.8483672, 10.3], [1706103724.8526645, 9.2], [1706103725.857177, 9.1], [1706103726.8619049, 14.7], [1706103727.8666365, 14.2], [1706103728.8711715, 10.3], [1706103729.8754003, 2.8], [1706103730.888769, 2.5], [1706103731.8974178, 1.6], [1706103732.9080245, 1.9], [1706103733.915184, 3.5], [1706103734.9247184, 1.5], [1706103735.9360592, 2.1], [1706103736.9484448, 2.3], [1706103737.9532173, 11.4], [1706103738.9581814, 13.5], [1706103739.9620664, 14.1], [1706103740.9669578, 10.8], [1706103741.9705503, 6.6], [1706103742.9744694, 2.0], [1706103743.9783733, 3.9], [1706103744.9823556, 5.6], [1706103745.9870825, 4.4]], "memory_usage": [[1706103660.5419798, 25.3], [1706103661.5463936, 25.3], [1706103662.550432, 25.5], [1706103663.5545905, 25.5], [1706103664.5595467, 25.4], [1706103665.5670772, 25.4], [1706103666.5748832, 25.4], [1706103667.584833, 26.0], [1706103668.5893714, 26.5], [1706103669.593013, 26.9], [1706103670.5983355, 27.2], [1706103671.6026638, 27.5], [1706103672.6073074, 27.6], [1706103673.6177075, 27.9], [1706103674.621921, 28.4], [1706103675.6258097, 28.7], [1706103676.629682, 29.1], [1706103677.6338985, 29.6], [1706103678.6382906, 29.8], [1706103679.6423492, 30.2], [1706103680.6466806, 31.2], [1706103681.6510496, 31.4], [1706103682.6554768, 31.4], [1706103683.6593375, 31.3], [1706103684.6636608, 31.3], [1706103685.6680977, 31.9], [1706103686.6723816, 32.9], [1706103687.6768432, 33.8], [1706103688.681404, 34.5], [1706103689.6863866, 36.6], [1706103690.6915686, 36.9], [1706103691.6963947, 37.2], [1706103692.7007422, 38.1], [1706103693.7056007, 39.0], [1706103694.710798, 40.0], [1706103695.715122, 40.0], [1706103696.7194998, 41.6], [1706103697.7240963, 42.1], [1706103698.7283661, 44.1], [1706103699.7330542, 44.4], [1706103700.7388864, 44.6], [1706103701.7431545, 44.3], [1706103702.747509, 43.8], [1706103703.7512064, 44.0], [1706103704.7563474, 43.5], [1706103705.7607522, 43.1], [1706103706.7696905, 42.7], [1706103707.7749078, 42.7], [1706103708.7788606, 42.6], [1706103709.7827938, 42.4], [1706103710.787554, 42.2], [1706103711.79202, 42.3], [1706103712.7972806, 42.2], [1706103713.8023975, 42.1], [1706103714.8075325, 42.7], [1706103715.811576, 43.3], [1706103716.8157315, 43.1], [1706103717.819779, 43.1], [1706103718.824936, 43.1], [1706103719.8295493, 43.5], [1706103720.8353262, 43.6], [1706103721.839606, 43.8], [1706103722.8442361, 44.4], [1706103723.8483672, 44.5], [1706103724.8526645, 44.7], [1706103725.857177, 44.6], [1706103726.8619049, 44.9], [1706103727.8666365, 44.8], [1706103728.8711715, 44.8], [1706103729.8754003, 44.8], [1706103730.888769, 44.8], [1706103731.8974178, 44.7], [1706103732.9080245, 44.7], [1706103733.915184, 44.7], [1706103734.9247184, 44.7], [1706103735.9370584, 44.7], [1706103736.9484448, 44.6], [1706103737.9532173, 44.0], [1706103738.9581814, 44.1], [1706103739.9622195, 42.8], [1706103740.967027, 33.0], [1706103741.9705503, 32.7], [1706103742.9744694, 32.8], [1706103743.9783733, 32.4], [1706103744.9823556, 32.2], [1706103745.9870825, 25.8]]}