{"cpu_usage": [[1706025804.0928035, 4.8], [1706025805.0984924, 10.6], [1706025806.1031313, 11.1], [1706025807.1087337, 19.5], [1706025808.1138582, 7.0], [1706025809.1180806, 8.3], [1706025810.1225667, 7.5], [1706025811.1278548, 9.9], [1706025812.1325438, 8.5], [1706025813.1373062, 5.7], [1706025814.1428983, 6.0], [1706025815.147722, 5.7], [1706025816.152879, 7.1], [1706025817.1572087, 5.7], [1706025818.1616938, 11.8], [1706025819.1659417, 14.6], [1706025820.170453, 16.4], [1706025821.1779323, 10.3], [1706025822.1822772, 13.8], [1706025823.1875544, 17.0], [1706025824.1933591, 8.9], [1706025825.1983438, 8.8], [1706025826.2031715, 7.1], [1706025827.209143, 4.7], [1706025828.2135592, 14.7], [1706025829.2177997, 6.5], [1706025830.2222908, 5.6], [1706025831.2274954, 6.2], [1706025832.2321112, 6.8], [1706025833.2367365, 5.9]], "memory_usage": [[1706025804.0928035, 26.3], [1706025805.0984924, 26.5], [1706025806.1031313, 27.4], [1706025807.1087337, 27.9], [1706025808.1138582, 28.2], [1706025809.1180806, 28.6], [1706025810.1225667, 28.9], [1706025811.1278548, 29.0], [1706025812.1325438, 29.2], [1706025813.1373062, 29.3], [1706025814.1428983, 29.5], [1706025815.147722, 29.6], [1706025816.152879, 30.0], [1706025817.1572087, 30.4], [1706025818.1616938, 30.5], [1706025819.1659417, 30.1], [1706025820.170453, 30.1], [1706025821.1779323, 26.6], [1706025822.1822772, 26.9], [1706025823.1875544, 27.8], [1706025824.1933591, 28.1], [1706025825.1983438, 28.5], [1706025826.2031715, 28.8], [1706025827.209143, 29.0], [1706025828.2135592, 29.2], [1706025829.2177997, 29.3], [1706025830.2222908, 29.5], [1706025831.2274954, 29.7], [1706025832.2321112, 29.8], [1706025833.2367365, 30.3]]}