{"cpu_usage": [[1706025879.6056147, 4.3], [1706025880.6098306, 12.9], [1706025881.614155, 11.1], [1706025882.6188347, 17.0], [1706025883.623068, 7.8], [1706025884.6280985, 7.5], [1706025885.632917, 7.2], [1706025886.6373987, 10.0], [1706025887.6418853, 6.7], [1706025888.6462922, 6.0], [1706025889.6514218, 5.9], [1706025890.655557, 5.7], [1706025891.6608868, 7.2], [1706025892.6656597, 6.9], [1706025893.6699862, 5.9], [1706025894.6742196, 9.9], [1706025895.6790795, 5.7], [1706025896.6843054, 7.3], [1706025897.6901734, 12.1], [1706025898.6947877, 15.9], [1706025899.7000375, 11.9], [1706025900.7045505, 6.9], [1706025901.7090123, 6.9], [1706025902.7139711, 7.9], [1706025903.719109, 12.8], [1706025904.7237, 5.2], [1706025905.728788, 5.8], [1706025906.7329166, 5.6], [1706025907.7380896, 5.3], [1706025908.7436898, 6.2]], "memory_usage": [[1706025879.6056147, 26.4], [1706025880.6098306, 26.7], [1706025881.614155, 27.7], [1706025882.6188347, 28.0], [1706025883.623068, 28.4], [1706025884.6280985, 28.8], [1706025885.632917, 29.0], [1706025886.6373987, 29.2], [1706025887.6418853, 29.4], [1706025888.6462922, 29.4], [1706025889.6514218, 29.6], [1706025890.655557, 29.7], [1706025891.6608868, 30.2], [1706025892.6656597, 30.5], [1706025893.6699862, 30.4], [1706025894.6742196, 30.2], [1706025895.6790795, 30.2], [1706025896.6843054, 26.6], [1706025897.6901734, 27.2], [1706025898.6947877, 27.8], [1706025899.7000375, 28.2], [1706025900.7045505, 28.6], [1706025901.7090123, 28.9], [1706025902.7139711, 29.1], [1706025903.719109, 29.3], [1706025904.7237, 29.4], [1706025905.728788, 29.5], [1706025906.7329166, 29.7], [1706025907.7380896, 29.8], [1706025908.7436898, 30.4]]}