{"cpu_usage": [[1706028761.6820812, 3.8], [1706028762.6868007, 8.9], [1706028763.6913018, 13.4], [1706028764.6957107, 17.7], [1706028765.7005131, 7.1], [1706028766.705612, 8.8], [1706028767.7098472, 9.2], [1706028768.714505, 11.5], [1706028769.7189634, 10.6], [1706028770.7238245, 7.0], [1706028771.7294462, 8.7], [1706028772.7342381, 8.1], [1706028773.7383277, 8.9], [1706028774.74282, 6.5], [1706028775.7475553, 6.6], [1706028776.751881, 10.3], [1706028777.7565732, 8.1], [1706028778.761533, 6.9], [1706028779.7658908, 9.4], [1706028780.7702994, 11.3], [1706028781.7758846, 18.7], [1706028782.780279, 8.9], [1706028783.7846935, 8.5], [1706028784.7895799, 8.4], [1706028785.7938275, 9.3], [1706028786.7992854, 9.5], [1706028787.8045273, 6.3], [1706028788.809318, 5.3], [1706028789.8145485, 6.2], [1706028790.8195963, 6.5], [1706028791.824915, 6.0], [1706028792.828953, 6.4], [1706028793.8339577, 14.2], [1706028794.838957, 5.9], [1706028795.8431342, 6.8], [1706028796.8473725, 4.8], [1706028797.8564677, 4.8], [1706028798.8606188, 19.6], [1706028799.8649426, 11.7], [1706028800.8700237, 46.6], [1706028801.874674, 30.2]], "memory_usage": [[1706028761.6820812, 26.5], [1706028762.6869836, 26.8], [1706028763.6913018, 27.7], [1706028764.6957107, 28.1], [1706028765.7005131, 28.5], [1706028766.705612, 28.8], [1706028767.7098472, 29.2], [1706028768.714505, 29.3], [1706028769.7189634, 29.5], [1706028770.7238245, 29.6], [1706028771.7294462, 29.7], [1706028772.7342381, 29.8], [1706028773.7383277, 30.0], [1706028774.74282, 30.5], [1706028775.7475553, 30.4], [1706028776.751881, 30.5], [1706028777.7565732, 30.3], [1706028778.761533, 30.1], [1706028779.7658908, 26.7], [1706028780.7702994, 27.7], [1706028781.7758846, 28.1], [1706028782.780279, 28.4], [1706028783.7846935, 28.8], [1706028784.7895799, 29.2], [1706028785.7938275, 29.3], [1706028786.7992854, 29.5], [1706028787.8045273, 29.6], [1706028788.809318, 29.7], [1706028789.8145485, 29.9], [1706028790.8195963, 30.1], [1706028791.824915, 30.6], [1706028792.828953, 30.7], [1706028793.8339577, 30.6], [1706028794.838957, 30.6], [1706028795.8431342, 30.3], [1706028796.8473725, 30.3], [1706028797.8564677, 27.9], [1706028798.8606188, 26.8], [1706028799.8649426, 27.0], [1706028800.8700237, 27.4], [1706028801.874674, 26.9]]}