{"cpu_usage": [[1706102510.5623758, 6.8], [1706102511.5663717, 19.7], [1706102512.5712237, 14.3], [1706102513.5754082, 13.6], [1706102514.5793629, 15.9], [1706102515.5839112, 16.6], [1706102516.587972, 10.9], [1706102517.5926242, 7.0], [1706102518.5974538, 19.2], [1706102519.6025116, 11.0], [1706102520.607878, 38.8], [1706102521.612942, 30.9], [1706102522.6172078, 42.2], [1706102523.6214793, 33.9], [1706102524.625642, 28.8], [1706102525.6300473, 28.3], [1706102526.6348915, 28.0], [1706102527.639377, 25.2], [1706102528.6439085, 22.3], [1706102529.648198, 35.5], [1706102530.653738, 60.7], [1706102531.6581864, 45.1], [1706102532.662712, 37.5], [1706102533.6709719, 36.5], [1706102534.6753366, 27.3], [1706102535.680295, 37.6], [1706102536.6856554, 62.6], [1706102537.691028, 60.7], [1706102538.696932, 70.5], [1706102539.7019536, 50.4], [1706102540.7084925, 63.9], [1706102541.7135112, 53.1], [1706102542.7189238, 44.8], [1706102543.7236667, 40.2], [1706102544.730405, 32.7], [1706102545.7349567, 29.2], [1706102546.7402744, 27.6], [1706102547.7443964, 17.7], [1706102548.7489676, 24.4], [1706102549.7538073, 11.0], [1706102550.7595818, 9.4], [1706102551.7685392, 8.5], [1706102552.7773523, 10.0], [1706102553.7818284, 5.3], [1706102554.7863805, 13.3], [1706102555.7906454, 15.9], [1706102556.7946904, 17.2], [1706102557.7993248, 18.1], [1706102558.803876, 19.0], [1706102559.808331, 20.6], [1706102560.814348, 19.5], [1706102561.8193054, 21.3], [1706102562.823421, 26.3], [1706102563.8274043, 25.1], [1706102564.8316882, 25.0], [1706102565.836349, 22.0], [1706102566.8405833, 21.1], [1706102567.8459797, 24.1], [1706102568.8508253, 22.4], [1706102569.854926, 7.6], [1706102570.8602216, 3.2], [1706102571.869048, 1.2], [1706102572.877789, 3.2], [1706102573.8879313, 2.4], [1706102574.8967485, 8.4], [1706102575.904004, 9.1], [1706102576.9084768, 5.1], [1706102577.917956, 4.1], [1706102578.9260619, 5.4], [1706102579.9301999, 2.7], [1706102580.9358897, 3.3], [1706102581.9461868, 2.3], [1706102582.9515328, 3.1], [1706102583.958023, 3.6], [1706102584.9641833, 15.2], [1706102585.9683988, 15.3], [1706102586.9731555, 14.9], [1706102587.9802742, 16.0], [1706102588.9852653, 8.5], [1706102589.9924147, 4.9], [1706102590.9978201, 3.0], [1706102592.001768, 4.9], [1706102593.0083563, 4.8]], "memory_usage": [[1706102510.5623758, 25.6], [1706102511.5663717, 25.6], [1706102512.5712237, 25.7], [1706102513.5754082, 25.8], [1706102514.5796037, 26.7], [1706102515.5839112, 26.9], [1706102516.587972, 27.3], [1706102517.5926242, 27.7], [1706102518.5974538, 27.8], [1706102519.6025116, 28.0], [1706102520.607878, 28.2], [1706102521.612942, 28.7], [1706102522.6172078, 28.9], [1706102523.6215458, 29.4], [1706102524.625642, 29.5], [1706102525.6300473, 29.8], [1706102526.6348915, 30.5], [1706102527.6394584, 31.4], [1706102528.6439085, 31.7], [1706102529.648198, 32.6], [1706102530.653738, 34.0], [1706102531.6581864, 34.5], [1706102532.662712, 35.7], [1706102533.6709719, 36.3], [1706102534.6753366, 36.7], [1706102535.680295, 37.6], [1706102536.6860654, 40.2], [1706102537.6913943, 40.6], [1706102538.6971855, 40.9], [1706102539.702362, 40.5], [1706102540.7084925, 41.5], [1706102541.7136123, 42.8], [1706102542.7189238, 44.5], [1706102543.7237709, 44.1], [1706102544.730405, 44.3], [1706102545.7349567, 44.1], [1706102546.7402744, 43.8], [1706102547.7443964, 43.8], [1706102548.749288, 43.7], [1706102549.7538073, 43.2], [1706102550.7595818, 42.9], [1706102551.7691495, 42.9], [1706102552.7773523, 42.7], [1706102553.7818284, 42.5], [1706102554.7863805, 42.2], [1706102555.7906454, 42.7], [1706102556.7946904, 42.7], [1706102557.7993248, 42.9], [1706102558.803876, 43.3], [1706102559.808331, 43.7], [1706102560.814348, 44.3], [1706102561.8193054, 44.6], [1706102562.823421, 44.5], [1706102563.8274043, 44.7], [1706102564.8316882, 44.8], [1706102565.836349, 44.8], [1706102566.8405833, 44.7], [1706102567.8459797, 44.8], [1706102568.8508253, 44.9], [1706102569.854926, 44.9], [1706102570.8602216, 44.9], [1706102571.869048, 44.8], [1706102572.877789, 44.8], [1706102573.888289, 44.7], [1706102574.8967485, 44.7], [1706102575.904004, 44.7], [1706102576.9084768, 44.7], [1706102577.917956, 44.7], [1706102578.9260619, 44.7], [1706102579.9301999, 44.7], [1706102580.9358897, 44.7], [1706102581.9461868, 44.6], [1706102582.9515328, 44.6], [1706102583.958023, 44.6], [1706102584.9641833, 44.1], [1706102585.9683988, 44.1], [1706102586.9731555, 40.7], [1706102587.9802742, 33.6], [1706102588.9852653, 33.4], [1706102589.9924147, 33.4], [1706102590.9978201, 33.0], [1706102592.001768, 32.8], [1706102593.0083563, 25.9]]}