{"cpu_usage": [[1706028196.834061, 22.7], [1706028197.8398361, 14.3], [1706028198.8493469, 11.1], [1706028199.8545518, 16.6], [1706028200.8594954, 8.6], [1706028201.8642712, 8.5], [1706028202.8690376, 7.6], [1706028203.8783076, 20.8], [1706028204.882856, 57.6], [1706028205.8905644, 82.7], [1706028206.926096, 98.5], [1706028208.0277755, 96.8], [1706028209.312099, 99.6], [1706028210.3196733, 82.4], [1706028211.3296185, 87.7], [1706028212.3397388, 79.6], [1706028213.3517332, 67.9], [1706028214.3575022, 38.1], [1706028215.3643186, 20.1], [1706028216.3699095, 19.0], [1706028217.3771725, 16.0], [1706028218.3829377, 15.8], [1706028219.3880553, 15.3], [1706028220.3936503, 15.5], [1706028221.3999803, 8.9], [1706028222.4058933, 4.5], [1706028223.4147284, 2.5], [1706028224.4244835, 4.9], [1706028225.4324594, 3.8], [1706028226.439891, 2.3], [1706028227.447664, 11.1], [1706028228.4555874, 62.8], [1706028229.4621315, 33.1], [1706028230.4672453, 21.6], [1706028231.4718711, 11.1], [1706028232.4767268, 5.7], [1706028233.4811661, 11.3], [1706028234.4862666, 17.3], [1706028235.491333, 8.2], [1706028236.496765, 9.1], [1706028237.5019963, 7.0], [1706028238.5062072, 6.9], [1706028239.5111096, 33.9], [1706028240.5165434, 63.0], [1706028241.522533, 55.8], [1706028242.5335064, 83.1], [1706028243.5535731, 84.1], [1706028244.6331813, 91.1], [1706028245.7287238, 93.7], [1706028246.8009396, 80.5], [1706028247.8103683, 75.4], [1706028248.81901, 63.2], [1706028249.8264587, 52.8], [1706028250.834195, 34.8], [1706028251.839807, 14.5], [1706028252.8443594, 13.9], [1706028253.8493385, 14.9], [1706028254.855237, 16.4], [1706028255.860449, 15.8], [1706028256.8660626, 8.8], [1706028257.875082, 6.0], [1706028258.8885376, 2.6], [1706028259.90136, 5.7], [1706028260.9093523, 2.3], [1706028261.922461, 15.0], [1706028262.9283338, 62.3], [1706028263.9360404, 35.7], [1706028264.940678, 16.6], [1706028265.9456482, 8.8], [1706028266.9498649, 10.3], [1706028267.9555383, 6.5], [1706028268.9599595, 15.5], [1706028269.977291, 42.2], [1706028271.1278358, 37.4]], "memory_usage": [[1706028196.8351552, 26.5], [1706028197.8398361, 26.7], [1706028198.8493469, 27.8], [1706028199.8545518, 28.2], [1706028200.8594954, 28.5], [1706028201.8642712, 28.8], [1706028202.8690376, 29.0], [1706028203.8783076, 29.3], [1706028204.883267, 31.9], [1706028205.891026, 37.6], [1706028206.992378, 39.7], [1706028208.0475404, 43.2], [1706028209.3134086, 46.2], [1706028210.3196733, 48.5], [1706028211.330305, 50.9], [1706028212.3397388, 53.6], [1706028213.3517332, 55.6], [1706028214.3575022, 56.7], [1706028215.3643186, 57.0], [1706028216.3699095, 57.5], [1706028217.3771725, 57.8], [1706028218.3829377, 58.2], [1706028219.3880553, 58.8], [1706028220.3936503, 59.8], [1706028221.3999803, 60.3], [1706028222.4058933, 60.2], [1706028223.4147284, 60.2], [1706028224.4244835, 60.2], [1706028225.4324594, 60.2], [1706028226.439891, 60.2], [1706028227.447664, 58.4], [1706028228.4555874, 56.6], [1706028229.4621315, 38.3], [1706028230.4672453, 29.0], [1706028231.4718711, 28.8], [1706028232.4767268, 26.6], [1706028233.4811661, 27.0], [1706028234.4862666, 27.8], [1706028235.491333, 28.2], [1706028236.496765, 28.5], [1706028237.5019963, 28.8], [1706028238.5062072, 29.0], [1706028239.5111096, 29.9], [1706028240.5167441, 32.9], [1706028241.522533, 37.4], [1706028242.5335064, 37.9], [1706028243.618231, 41.7], [1706028244.6333394, 45.8], [1706028245.7925222, 48.4], [1706028246.8009396, 50.2], [1706028247.8107138, 52.7], [1706028248.8195581, 54.6], [1706028249.8264587, 56.3], [1706028250.834195, 57.3], [1706028251.839807, 57.7], [1706028252.8443594, 58.2], [1706028253.8494163, 58.6], [1706028254.855237, 59.4], [1706028255.860449, 60.4], [1706028256.8660626, 60.5], [1706028257.875082, 60.3], [1706028258.8885376, 60.3], [1706028259.90136, 60.3], [1706028260.9093523, 60.3], [1706028261.92268, 57.6], [1706028262.9283338, 56.6], [1706028263.9360404, 38.2], [1706028264.940678, 32.0], [1706028265.9456482, 28.9], [1706028266.9499612, 28.8], [1706028267.9555383, 26.5], [1706028268.9599595, 26.5], [1706028270.1208906, 27.1], [1706028271.1280465, 26.7]]}