{"cpu_usage": [[1706095738.901341, 21.1], [1706095739.9061654, 10.4], [1706095740.916069, 11.2], [1706095741.9205663, 17.0], [1706095742.924508, 11.1], [1706095743.9298973, 6.2], [1706095744.9344263, 8.4], [1706095745.9393384, 11.8], [1706095746.9439576, 26.0], [1706095747.949764, 22.6], [1706095748.95445, 40.8], [1706095749.9694557, 26.3], [1706095750.9750993, 19.6], [1706095751.9795036, 21.1], [1706095752.983939, 7.1], [1706095753.9884083, 23.7], [1706095754.9935718, 21.7], [1706095755.998664, 27.2], [1706095757.0030143, 25.0], [1706095758.0080104, 22.3], [1706095759.013289, 22.9], [1706095760.0177286, 34.1], [1706095761.022739, 33.9], [1706095762.027008, 32.6], [1706095763.0326092, 38.2], [1706095764.0376816, 35.8], [1706095765.0427952, 33.6], [1706095766.0484054, 35.5], [1706095767.0526617, 30.1], [1706095768.057341, 23.9], [1706095769.0633621, 25.8], [1706095770.068937, 14.5], [1706095771.0747964, 12.1], [1706095772.079496, 7.5], [1706095773.08696, 5.1], [1706095774.094354, 5.3], [1706095775.0981565, 4.8], [1706095776.1026533, 10.6], [1706095777.1077147, 12.7], [1706095778.1117632, 18.3], [1706095779.1176267, 8.6], [1706095780.1217606, 7.9], [1706095781.1267822, 7.7], [1706095782.1315756, 7.4], [1706095783.1365955, 27.5], [1706095784.141544, 24.5], [1706095785.147098, 48.1], [1706095786.1516078, 33.9], [1706095787.155816, 27.5], [1706095788.160508, 21.8], [1706095789.1678407, 26.5], [1706095790.172921, 22.9], [1706095791.1774817, 23.4], [1706095792.1823087, 23.7], [1706095793.1879022, 24.7], [1706095794.1931024, 21.4], [1706095795.19758, 28.1], [1706095796.2030876, 31.9], [1706095797.2087772, 38.3], [1706095798.213712, 37.7], [1706095799.2202988, 30.2], [1706095800.2250535, 30.3], [1706095801.229454, 27.6], [1706095802.2338805, 22.2], [1706095803.238136, 26.1], [1706095804.2435977, 24.4], [1706095805.2487597, 23.6], [1706095806.2530081, 23.3], [1706095807.2569869, 15.8], [1706095808.261237, 14.2], [1706095809.2666013, 6.8], [1706095810.2704165, 7.2], [1706095811.2745104, 8.5], [1706095812.278251, 4.2], [1706095813.2830284, 11.9], [1706095814.2876065, 32.3], [1706095815.2901063, 44.5]], "memory_usage": [[1706095738.901341, 25.4], [1706095739.9061654, 25.6], [1706095740.916069, 26.6], [1706095741.9205663, 26.9], [1706095742.924508, 27.1], [1706095743.9298973, 27.4], [1706095744.9344263, 27.7], [1706095745.9393384, 27.8], [1706095746.9439576, 28.5], [1706095747.949764, 30.7], [1706095748.95445, 31.0], [1706095749.9694557, 31.9], [1706095750.9750993, 32.9], [1706095751.9795036, 33.6], [1706095752.983939, 33.4], [1706095753.9884083, 33.6], [1706095754.9935718, 33.8], [1706095755.998664, 34.2], [1706095757.0030143, 34.5], [1706095758.0080104, 34.8], [1706095759.013289, 35.3], [1706095760.0179849, 35.6], [1706095761.022739, 36.3], [1706095762.027008, 36.5], [1706095763.0326092, 36.7], [1706095764.0376816, 36.6], [1706095765.0427952, 36.5], [1706095766.0484054, 36.4], [1706095767.0526617, 36.4], [1706095768.057341, 36.2], [1706095769.0633621, 35.9], [1706095770.068937, 36.1], [1706095771.0747964, 33.6], [1706095772.079496, 30.8], [1706095773.08696, 27.8], [1706095774.094354, 27.6], [1706095775.0981565, 27.6], [1706095776.10272, 25.5], [1706095777.1077147, 26.4], [1706095778.1117632, 26.8], [1706095779.1176267, 27.0], [1706095780.1217606, 27.4], [1706095781.1267822, 27.7], [1706095782.1315756, 27.8], [1706095783.1365955, 28.4], [1706095784.141544, 30.7], [1706095785.147098, 31.2], [1706095786.1516078, 32.1], [1706095787.1559772, 32.7], [1706095788.160508, 33.5], [1706095789.1678407, 33.7], [1706095790.172921, 34.0], [1706095791.1774817, 34.2], [1706095792.1823087, 34.5], [1706095793.1879022, 34.8], [1706095794.1931024, 35.3], [1706095795.19758, 35.8], [1706095796.2030876, 36.1], [1706095797.2087772, 36.2], [1706095798.213712, 36.0], [1706095799.2202988, 36.0], [1706095800.2250535, 36.0], [1706095801.229454, 36.0], [1706095802.2338805, 36.0], [1706095803.238136, 36.0], [1706095804.2435977, 35.8], [1706095805.2487597, 35.8], [1706095806.2530081, 33.9], [1706095807.2569869, 33.0], [1706095808.261237, 30.7], [1706095809.2667518, 30.7], [1706095810.2704165, 27.9], [1706095811.2745104, 27.7], [1706095812.278251, 25.7], [1706095813.283202, 25.5], [1706095814.2876065, 25.4], [1706095815.2901063, 26.0]]}