{"cpu_usage": [[1706024667.8835735, 1.5], [1706024668.889907, 15.6], [1706024669.89493, 20.6], [1706024670.9003327, 32.4], [1706024671.9053721, 19.5], [1706024672.90964, 11.9], [1706024673.915061, 7.1], [1706024674.9196234, 9.1], [1706024675.9247546, 11.6], [1706024676.9295819, 6.6], [1706024677.9351065, 9.2], [1706024678.9400394, 9.4], [1706024679.9446044, 5.9], [1706024680.9497998, 6.1], [1706024681.954963, 7.5], [1706024682.9595633, 10.9], [1706024683.964087, 7.5], [1706024684.9686277, 4.3], [1706024685.9769483, 12.4], [1706024686.9816208, 16.9], [1706024687.98729, 9.8], [1706024688.9918034, 5.9], [1706024689.9970086, 9.7], [1706024691.0017138, 6.3], [1706024692.0120964, 12.5], [1706024693.01776, 7.7], [1706024694.0228186, 6.7], [1706024695.0274775, 4.8], [1706024696.032293, 8.5], [1706024697.0374641, 12.7]], "memory_usage": [[1706024667.8843198, 25.8], [1706024668.889907, 26.2], [1706024669.89493, 27.1], [1706024670.9003327, 27.3], [1706024671.9053721, 27.7], [1706024672.90964, 28.0], [1706024673.915061, 28.4], [1706024674.9196234, 28.5], [1706024675.9247546, 28.7], [1706024676.9295819, 29.0], [1706024677.9351065, 29.0], [1706024678.9400394, 29.1], [1706024679.9449747, 29.4], [1706024680.9497998, 29.9], [1706024681.954963, 29.8], [1706024682.9595633, 29.6], [1706024683.964087, 29.6], [1706024684.9686277, 26.0], [1706024685.9769483, 26.4], [1706024686.9816208, 27.2], [1706024687.98729, 27.6], [1706024688.9918034, 27.9], [1706024689.9970086, 28.2], [1706024691.0017138, 28.4], [1706024692.0120964, 28.7], [1706024693.01776, 28.9], [1706024694.0228186, 28.9], [1706024695.0274775, 29.1], [1706024696.032293, 29.2], [1706024697.0374641, 29.8]]}