{"cpu_usage": [[1706103487.4825797, 1.2], [1706103488.4864154, 17.2], [1706103489.4909954, 13.1], [1706103490.4951994, 9.7], [1706103491.498898, 6.6], [1706103492.5053544, 5.8], [1706103493.5145748, 5.5], [1706103494.5220401, 9.2], [1706103495.52638, 12.1], [1706103496.530158, 16.1], [1706103497.535058, 10.2], [1706103498.538826, 9.4], [1706103499.5434747, 10.3], [1706103500.548138, 19.6], [1706103501.5530329, 40.8], [1706103502.557185, 35.6], [1706103503.5613067, 24.6], [1706103504.5658116, 42.2], [1706103505.5704255, 44.3], [1706103506.5744154, 45.8], [1706103507.5805058, 31.9], [1706103508.5847614, 22.0], [1706103509.591476, 22.2], [1706103510.597701, 41.2], [1706103511.6031644, 40.8], [1706103512.608013, 19.2], [1706103513.6124327, 16.8], [1706103514.6177862, 16.9], [1706103515.6220722, 15.2], [1706103516.6269684, 15.3], [1706103517.632163, 18.8], [1706103518.6360657, 10.8], [1706103519.640493, 10.2], [1706103520.6454804, 11.9], [1706103521.6495943, 11.2], [1706103522.653755, 17.3], [1706103523.6585007, 12.7], [1706103524.6622634, 12.4], [1706103525.6663625, 13.3], [1706103526.6712363, 7.9], [1706103527.6767018, 7.5], [1706103528.6811323, 7.6], [1706103529.685218, 5.4], [1706103530.6896737, 7.3], [1706103531.69362, 6.6], [1706103532.697883, 5.5], [1706103533.7022688, 5.6], [1706103534.706586, 5.1], [1706103535.711664, 4.8], [1706103536.7156155, 8.7], [1706103537.7203584, 6.2], [1706103538.723979, 5.5], [1706103539.7277493, 9.2], [1706103540.7322705, 7.4], [1706103541.7365904, 6.5], [1706103542.7409372, 6.3], [1706103543.7454824, 5.9], [1706103544.7494025, 4.2], [1706103545.7538028, 5.6], [1706103546.7573187, 4.7], [1706103547.7627938, 4.8], [1706103548.7672346, 5.8], [1706103549.7715387, 4.9], [1706103550.7762084, 5.5], [1706103551.7802474, 4.7], [1706103552.7847383, 5.0], [1706103553.789216, 5.0], [1706103554.7928023, 7.3], [1706103555.7969484, 4.9], [1706103556.8013537, 5.1], [1706103557.806169, 4.4], [1706103558.8107917, 6.0], [1706103559.8149002, 4.8], [1706103560.8196852, 5.8], [1706103561.8244667, 5.2], [1706103562.828783, 4.3], [1706103563.8334236, 5.2], [1706103564.836919, 5.0], [1706103565.8413072, 4.5], [1706103566.8453708, 5.3], [1706103567.8506372, 4.9], [1706103568.8543582, 5.1], [1706103569.8584805, 4.7], [1706103570.8632524, 5.0], [1706103571.8679159, 5.6], [1706103572.8720198, 4.4], [1706103573.876251, 5.0], [1706103574.8853965, 7.3], [1706103575.889478, 2.9], [1706103576.8933613, 3.6], [1706103577.903319, 4.0]], "memory_usage": [[1706103487.4826362, 24.7], [1706103488.4867873, 24.9], [1706103489.4909954, 25.0], [1706103490.4951994, 25.1], [1706103491.498898, 25.1], [1706103492.5058856, 25.1], [1706103493.5145748, 25.1], [1706103494.5220401, 25.4], [1706103495.52638, 26.3], [1706103496.530158, 26.6], [1706103497.535058, 27.0], [1706103498.538826, 27.3], [1706103499.5434747, 27.6], [1706103500.548138, 27.9], [1706103501.5530329, 28.2], [1706103502.557185, 28.6], [1706103503.5613067, 28.6], [1706103504.5658116, 30.2], [1706103505.5704255, 29.9], [1706103506.5745728, 29.9], [1706103507.5805058, 29.8], [1706103508.5847614, 30.2], [1706103509.591476, 30.8], [1706103510.597701, 32.9], [1706103511.6031644, 34.1], [1706103512.608013, 34.0], [1706103513.6124327, 33.4], [1706103514.6177862, 32.9], [1706103515.6220722, 32.7], [1706103516.6269684, 32.4], [1706103517.632163, 32.2], [1706103518.6360657, 32.0], [1706103519.640493, 32.2], [1706103520.6454804, 32.2], [1706103521.6495943, 31.9], [1706103522.653755, 31.8], [1706103523.6585007, 32.1], [1706103524.6622634, 31.9], [1706103525.6663625, 32.2], [1706103526.6712363, 32.2], [1706103527.6767018, 32.7], [1706103528.6811323, 32.6], [1706103529.685218, 32.3], [1706103530.6896737, 32.5], [1706103531.69362, 32.6], [1706103532.697883, 32.5], [1706103533.7022688, 32.4], [1706103534.706586, 32.5], [1706103535.711664, 32.4], [1706103536.7156155, 33.6], [1706103537.7203584, 33.6], [1706103538.723979, 33.8], [1706103539.7277493, 33.9], [1706103540.7322705, 33.8], [1706103541.7365904, 33.6], [1706103542.7409372, 33.7], [1706103543.7454824, 33.6], [1706103544.7494025, 33.7], [1706103545.7538028, 33.6], [1706103546.7573187, 33.7], [1706103547.7627938, 33.6], [1706103548.7672346, 33.6], [1706103549.7715387, 33.5], [1706103550.7762084, 33.6], [1706103551.7802474, 33.5], [1706103552.7847383, 33.5], [1706103553.789216, 33.4], [1706103554.7928023, 33.5], [1706103555.7969484, 33.5], [1706103556.8013537, 33.4], [1706103557.806169, 33.5], [1706103558.8107917, 33.5], [1706103559.8149002, 33.5], [1706103560.8196852, 33.5], [1706103561.8244667, 33.6], [1706103562.828783, 33.6], [1706103563.8334236, 33.6], [1706103564.836919, 33.6], [1706103565.8413072, 33.8], [1706103566.8453708, 33.8], [1706103567.8506372, 33.8], [1706103568.8543582, 33.9], [1706103569.8584805, 33.9], [1706103570.8632524, 34.8], [1706103571.8679159, 34.8], [1706103572.8720198, 34.8], [1706103573.876251, 34.6], [1706103574.8853965, 34.1], [1706103575.889478, 33.9], [1706103576.8933613, 33.9], [1706103577.903319, 25.7]]}