{"cpu_usage": [[1706095683.5797637, 8.6], [1706095684.5837784, 13.5], [1706095685.5882728, 15.3], [1706095686.5926673, 5.6], [1706095687.5985658, 5.9], [1706095688.6031945, 10.8], [1706095689.607982, 14.9], [1706095690.6121883, 11.7], [1706095691.6163347, 18.2], [1706095692.6216183, 11.0], [1706095693.6268432, 12.5], [1706095694.6321962, 11.8], [1706095695.636443, 11.5], [1706095696.6406705, 12.0], [1706095697.6451719, 8.9], [1706095698.6514404, 37.1], [1706095699.6568253, 94.3], [1706095700.6616106, 28.7], [1706095701.6661851, 8.3], [1706095702.670069, 6.6], [1706095703.6755965, 6.3], [1706095704.6799443, 5.5], [1706095705.6840203, 13.9], [1706095706.688685, 37.7], [1706095707.6934767, 47.5], [1706095708.6982665, 23.3], [1706095709.7037067, 12.5], [1706095710.7085502, 5.0], [1706095711.7153385, 5.3], [1706095712.7227857, 15.2], [1706095713.7290344, 10.7], [1706095714.7332873, 10.7], [1706095715.7375567, 21.5], [1706095716.741758, 9.1], [1706095717.74631, 7.4], [1706095718.7509694, 12.0], [1706095719.75528, 14.1], [1706095720.7602232, 15.5], [1706095721.764785, 13.1], [1706095722.7687533, 58.9], [1706095723.774902, 53.6], [1706095724.779339, 9.4], [1706095725.7832663, 5.7], [1706095726.78814, 6.4], [1706095727.7924957, 7.9], [1706095728.7973323, 7.4], [1706095729.801651, 7.5], [1706095730.8065584, 8.6], [1706095731.8104641, 29.8], [1706095732.814538, 8.8], [1706095733.8202796, 4.0], [1706095734.8245616, 14.0], [1706095735.8288128, 27.7], [1706095736.8361802, 32.8]], "memory_usage": [[1706095683.5800014, 23.7], [1706095684.5837784, 23.9], [1706095685.5882728, 24.0], [1706095686.5926673, 24.0], [1706095687.5985658, 24.0], [1706095688.603305, 24.2], [1706095689.607982, 24.7], [1706095690.6121883, 25.2], [1706095691.6163347, 25.5], [1706095692.6216183, 25.7], [1706095693.6274824, 26.0], [1706095694.6321962, 26.3], [1706095695.636443, 26.5], [1706095696.6406705, 26.6], [1706095697.6456337, 26.8], [1706095698.651799, 27.0], [1706095699.6568253, 27.9], [1706095700.6616106, 27.4], [1706095701.6661851, 27.6], [1706095702.670069, 27.7], [1706095703.6755965, 27.9], [1706095704.6799443, 28.3], [1706095705.6840203, 28.8], [1706095706.688685, 29.4], [1706095707.6934767, 28.8], [1706095708.6982665, 29.0], [1706095709.7037067, 28.6], [1706095710.7085502, 28.6], [1706095711.7153385, 24.7], [1706095712.7231567, 25.0], [1706095713.7290344, 25.4], [1706095714.7332873, 26.0], [1706095715.7375567, 26.4], [1706095716.741758, 26.5], [1706095717.74631, 26.8], [1706095718.7510855, 27.0], [1706095719.75528, 27.2], [1706095720.7602232, 27.5], [1706095721.764785, 27.6], [1706095722.7689853, 27.7], [1706095723.774902, 27.9], [1706095724.779339, 28.1], [1706095725.7832663, 28.2], [1706095726.78814, 28.4], [1706095727.7924957, 28.5], [1706095728.7973323, 29.1], [1706095729.801651, 29.1], [1706095730.8065584, 29.1], [1706095731.8104641, 29.2], [1706095732.814538, 29.0], [1706095733.8202796, 28.8], [1706095734.8245616, 25.4], [1706095735.8288128, 25.4], [1706095736.8662152, 25.9]]}