{"cpu_usage": [[1706027220.9709792, 23.2], [1706027221.9760523, 12.8], [1706027222.9816716, 10.9], [1706027223.9867766, 17.0], [1706027224.9914517, 8.6], [1706027225.9963155, 8.7], [1706027227.0015461, 8.1], [1706027228.0071266, 17.5], [1706027229.0120144, 25.0], [1706027230.017312, 32.7], [1706027231.032189, 24.9], [1706027232.037444, 20.1], [1706027233.042354, 20.9], [1706027234.0479271, 13.1], [1706027235.0530045, 14.6], [1706027236.0574093, 13.8], [1706027237.0628924, 16.6], [1706027238.0677376, 17.1], [1706027239.0727632, 14.9], [1706027240.077173, 15.1], [1706027241.0830364, 12.5], [1706027242.0877714, 4.9], [1706027243.096069, 4.4], [1706027244.1069615, 5.4], [1706027245.1137257, 3.2], [1706027246.1231751, 4.4], [1706027247.129852, 3.3], [1706027248.1397266, 5.6], [1706027249.1473453, 11.0], [1706027250.1524808, 10.2], [1706027251.1582294, 8.5], [1706027252.1630187, 10.2], [1706027253.167191, 6.1], [1706027254.1750271, 4.8], [1706027255.1820345, 12.9], [1706027256.2043717, 18.7], [1706027257.2094245, 11.1], [1706027258.2140398, 8.8], [1706027259.2191288, 10.1], [1706027260.2241926, 6.6], [1706027261.2340796, 23.4], [1706027262.2387085, 24.0], [1706027263.2464604, 36.1], [1706027264.2516394, 24.1], [1706027265.2597253, 17.4], [1706027266.2645972, 20.3], [1706027267.2694094, 18.3], [1706027268.274311, 14.6], [1706027269.2794724, 14.4], [1706027270.2846148, 13.5], [1706027271.2897787, 15.5], [1706027272.2943127, 15.4], [1706027273.2993448, 15.7], [1706027274.3052835, 12.9], [1706027275.3127153, 4.8], [1706027276.32135, 3.8], [1706027277.3299234, 4.2], [1706027278.3417647, 4.7], [1706027279.348909, 4.9], [1706027280.3578975, 5.8], [1706027281.3666272, 7.4], [1706027282.372224, 11.9], [1706027283.3773787, 13.4], [1706027284.3829522, 13.6], [1706027285.3878376, 11.4], [1706027286.3929553, 8.0], [1706027287.4019358, 8.8], [1706027288.411083, 36.5], [1706027289.4718025, 30.9]], "memory_usage": [[1706027220.9716978, 26.7], [1706027221.9760523, 26.9], [1706027222.9816716, 27.9], [1706027223.9867766, 28.2], [1706027224.9914517, 28.6], [1706027225.9963155, 28.9], [1706027227.0015461, 29.2], [1706027228.0071266, 29.3], [1706027229.0120144, 30.7], [1706027230.017312, 32.2], [1706027231.032189, 32.8], [1706027232.037444, 33.7], [1706027233.042354, 34.4], [1706027234.0479271, 34.8], [1706027235.0530045, 35.2], [1706027236.0574093, 35.7], [1706027237.0628924, 36.1], [1706027238.0677376, 36.5], [1706027239.0727632, 37.2], [1706027240.077173, 38.2], [1706027241.0831823, 38.7], [1706027242.0877714, 38.5], [1706027243.096069, 38.5], [1706027244.107741, 38.5], [1706027245.1147246, 38.5], [1706027246.1231751, 38.5], [1706027247.129852, 38.5], [1706027248.1407242, 38.5], [1706027249.1473453, 37.8], [1706027250.1524808, 37.7], [1706027251.1582294, 29.2], [1706027252.1630187, 28.9], [1706027253.167191, 28.9], [1706027254.1750271, 26.6], [1706027255.1820345, 26.9], [1706027256.2043717, 27.9], [1706027257.2094245, 28.2], [1706027258.2140398, 28.6], [1706027259.2191288, 28.9], [1706027260.2241926, 29.1], [1706027261.2340796, 29.3], [1706027262.2388163, 30.6], [1706027263.2464604, 32.2], [1706027264.2516394, 32.9], [1706027265.2597253, 33.7], [1706027266.2645972, 34.4], [1706027267.2694094, 34.9], [1706027268.274311, 35.3], [1706027269.2794724, 35.7], [1706027270.2846148, 36.2], [1706027271.2897787, 36.7], [1706027272.2943127, 37.3], [1706027273.2993448, 38.5], [1706027274.3052835, 38.5], [1706027275.313707, 38.5], [1706027276.32135, 38.5], [1706027277.3307297, 38.5], [1706027278.3417647, 38.5], [1706027279.348909, 38.5], [1706027280.3578975, 38.5], [1706027281.3668478, 38.3], [1706027282.372224, 37.8], [1706027283.3773787, 32.1], [1706027284.3829522, 29.2], [1706027285.3878376, 29.0], [1706027286.3929553, 29.0], [1706027287.4019358, 26.7], [1706027288.465771, 27.3], [1706027289.4718025, 26.8]]}