{"cpu_usage": [[1706027290.508909, 46.4], [1706027291.513765, 15.1], [1706027292.5174417, 12.3], [1706027293.5221276, 16.4], [1706027294.5265336, 7.1], [1706027295.5307562, 8.8], [1706027296.53527, 7.0], [1706027297.5396562, 19.0], [1706027298.5439072, 24.0], [1706027299.5483992, 37.0], [1706027300.5544453, 22.6], [1706027301.5596867, 18.7], [1706027302.5643234, 18.4], [1706027303.5696247, 14.3], [1706027304.5744028, 17.4], [1706027305.5793846, 16.2], [1706027306.5855846, 15.5], [1706027307.5908194, 14.6], [1706027308.595607, 14.7], [1706027309.6008763, 14.8], [1706027310.6064217, 9.2], [1706027311.611581, 4.5], [1706027312.618983, 3.2], [1706027313.627572, 4.2], [1706027314.6385517, 5.1], [1706027315.6485412, 5.7], [1706027316.6573997, 4.5], [1706027317.667088, 6.9], [1706027318.6718848, 15.2], [1706027319.6765044, 11.8], [1706027320.6826646, 7.7], [1706027321.6876626, 8.0], [1706027322.6927233, 5.7], [1706027323.6991286, 13.9], [1706027324.7043219, 12.2], [1706027325.7096503, 17.7], [1706027326.7142093, 8.0], [1706027327.719355, 7.8], [1706027328.7240784, 8.4], [1706027329.7341821, 19.4], [1706027330.7393425, 21.5], [1706027331.7439616, 30.4], [1706027332.748871, 29.7], [1706027333.7544215, 22.5], [1706027334.7590647, 18.9], [1706027335.763936, 14.6], [1706027336.773428, 8.3], [1706027337.7778337, 15.3], [1706027338.78256, 14.4], [1706027339.7875159, 14.8], [1706027340.7929075, 15.7], [1706027341.7975514, 14.2], [1706027342.8021445, 15.3], [1706027343.807679, 11.2], [1706027344.8130891, 6.8], [1706027345.8207924, 7.6], [1706027346.8301442, 9.7], [1706027347.838697, 4.9], [1706027348.8427625, 3.0], [1706027349.847178, 5.7], [1706027350.8526802, 7.6], [1706027351.8572917, 13.7], [1706027352.8620462, 12.3], [1706027353.8674304, 14.4], [1706027354.8720772, 6.2], [1706027355.8765924, 8.7], [1706027356.8810916, 6.5], [1706027357.8857145, 7.3], [1706027358.8915865, 7.1], [1706027359.9237895, 18.5], [1706027360.9358213, 39.6], [1706027361.940338, 28.6]], "memory_usage": [[1706027290.5094783, 26.8], [1706027291.513765, 27.0], [1706027292.5174417, 28.0], [1706027293.5221276, 28.3], [1706027294.5265336, 28.7], [1706027295.5307562, 29.0], [1706027296.53527, 29.2], [1706027297.5396562, 29.6], [1706027298.5440226, 31.7], [1706027299.5483992, 32.3], [1706027300.5544453, 33.1], [1706027301.5597727, 34.0], [1706027302.5643234, 34.8], [1706027303.569678, 35.0], [1706027304.5744028, 35.3], [1706027305.5793846, 35.9], [1706027306.5855846, 36.3], [1706027307.5908194, 36.7], [1706027308.595607, 37.3], [1706027309.6008763, 38.5], [1706027310.6064217, 38.8], [1706027311.611581, 38.6], [1706027312.618983, 38.6], [1706027313.627572, 38.6], [1706027314.6388342, 38.6], [1706027315.6485412, 38.6], [1706027316.6573997, 38.6], [1706027317.667088, 38.1], [1706027318.6718848, 37.8], [1706027319.6765044, 32.3], [1706027320.6834111, 29.3], [1706027321.6876626, 29.0], [1706027322.6927233, 29.0], [1706027323.6991982, 26.8], [1706027324.7044852, 27.9], [1706027325.7096503, 28.2], [1706027326.7142093, 28.5], [1706027327.719355, 28.9], [1706027328.7245762, 29.2], [1706027329.7341821, 29.3], [1706027330.7393425, 30.8], [1706027331.7439616, 32.2], [1706027332.748871, 32.5], [1706027333.7544215, 33.3], [1706027334.7590647, 34.0], [1706027335.764649, 34.4], [1706027336.773428, 34.5], [1706027337.7778337, 35.0], [1706027338.78256, 35.3], [1706027339.7876112, 35.8], [1706027340.7929075, 36.3], [1706027341.7975514, 36.9], [1706027342.8021445, 38.0], [1706027343.807679, 38.2], [1706027344.8130891, 38.2], [1706027345.8207924, 38.3], [1706027346.8302119, 38.3], [1706027347.838697, 38.3], [1706027348.8427625, 38.3], [1706027349.847178, 38.3], [1706027350.8526802, 38.1], [1706027351.8572917, 37.5], [1706027352.8620462, 35.4], [1706027353.8674304, 31.7], [1706027354.8720772, 28.9], [1706027355.8765924, 28.7], [1706027356.8810916, 28.7], [1706027357.8857145, 28.7], [1706027358.8915865, 28.3], [1706027359.9287882, 26.6], [1706027360.9358213, 27.0], [1706027361.940338, 26.6]]}