{"cpu_usage": [[1706027151.5116131, 24.9], [1706027152.5167367, 13.9], [1706027153.5245352, 13.9], [1706027154.5295694, 25.3], [1706027155.5346434, 10.4], [1706027156.5393949, 7.2], [1706027157.5435789, 7.5], [1706027158.5480638, 7.7], [1706027159.5593028, 19.4], [1706027160.564364, 23.6], [1706027161.5701284, 35.1], [1706027162.5749617, 23.9], [1706027163.5795915, 18.3], [1706027164.584282, 17.2], [1706027165.5895402, 15.0], [1706027166.594823, 13.9], [1706027167.5991147, 15.5], [1706027168.6040754, 14.8], [1706027169.608762, 17.2], [1706027170.6137908, 15.2], [1706027171.6193237, 13.7], [1706027172.6242864, 9.7], [1706027173.6343489, 5.1], [1706027174.6424146, 5.3], [1706027175.6522355, 5.6], [1706027176.6615992, 4.3], [1706027177.667765, 4.1], [1706027178.6794486, 8.0], [1706027179.6894348, 7.1], [1706027180.694367, 15.2], [1706027181.6993356, 11.8], [1706027182.7040203, 16.2], [1706027183.710523, 9.6], [1706027184.7152755, 5.6], [1706027185.725732, 10.8], [1706027186.7303703, 10.7], [1706027187.735217, 17.8], [1706027188.7397602, 9.9], [1706027189.74477, 9.4], [1706027190.749445, 9.0], [1706027191.7549398, 17.5], [1706027192.7596347, 23.5], [1706027193.7648485, 24.9], [1706027194.7692847, 35.3], [1706027195.7744458, 18.7], [1706027196.7792475, 19.1], [1706027197.7851915, 15.9], [1706027198.7897382, 15.8], [1706027199.7954998, 14.0], [1706027200.8004448, 15.7], [1706027201.8068752, 14.5], [1706027202.811455, 16.9], [1706027203.8166304, 17.0], [1706027204.821944, 12.1], [1706027205.827202, 6.4], [1706027206.8328152, 4.9], [1706027207.8389933, 4.2], [1706027208.8459134, 5.1], [1706027209.8531272, 4.2], [1706027210.8609898, 9.0], [1706027211.87065, 4.9], [1706027212.8758926, 14.5], [1706027213.8808663, 13.1], [1706027214.885393, 17.1], [1706027215.8896887, 7.8], [1706027216.893748, 5.0], [1706027217.9023175, 19.7], [1706027218.907403, 49.8], [1706027219.9122415, 30.5]], "memory_usage": [[1706027151.5118175, 26.7], [1706027152.5167367, 26.9], [1706027153.5245352, 27.8], [1706027154.5295694, 28.2], [1706027155.5346434, 28.5], [1706027156.5393949, 28.9], [1706027157.5435789, 29.0], [1706027158.5490787, 29.1], [1706027159.5593028, 29.6], [1706027160.564364, 31.6], [1706027161.5701284, 32.1], [1706027162.5749617, 33.0], [1706027163.5795915, 33.9], [1706027164.584282, 34.7], [1706027165.5895402, 35.0], [1706027166.594823, 35.2], [1706027167.5991147, 35.8], [1706027168.6040754, 36.3], [1706027169.608762, 36.7], [1706027170.613959, 37.3], [1706027171.6193237, 38.5], [1706027172.6242864, 38.7], [1706027173.6343489, 38.5], [1706027174.6424146, 38.6], [1706027175.6522355, 38.6], [1706027176.6615992, 38.5], [1706027177.667765, 38.5], [1706027178.6794486, 38.5], [1706027179.6894348, 38.3], [1706027180.694367, 37.8], [1706027181.6993356, 32.2], [1706027182.7040203, 29.2], [1706027183.710523, 28.9], [1706027184.7152755, 28.9], [1706027185.725732, 26.7], [1706027186.7303703, 27.7], [1706027187.735217, 28.1], [1706027188.7397602, 28.5], [1706027189.74477, 28.8], [1706027190.749445, 29.1], [1706027191.7549398, 29.3], [1706027192.7596347, 29.8], [1706027193.7648485, 32.2], [1706027194.7695138, 32.7], [1706027195.7744458, 33.4], [1706027196.7797594, 34.2], [1706027197.7851915, 34.8], [1706027198.789908, 35.2], [1706027199.7954998, 35.6], [1706027200.8004448, 36.0], [1706027201.8068752, 36.5], [1706027202.811455, 37.2], [1706027203.8166304, 38.0], [1706027204.821944, 38.7], [1706027205.827202, 38.7], [1706027206.8328152, 38.5], [1706027207.8389933, 38.5], [1706027208.8459134, 38.5], [1706027209.8531272, 38.5], [1706027210.8609898, 38.5], [1706027211.87065, 38.5], [1706027212.8758926, 37.8], [1706027213.8808663, 37.5], [1706027214.885393, 29.0], [1706027215.8896887, 28.9], [1706027216.893748, 26.7], [1706027217.9023175, 26.9], [1706027218.9074752, 27.3], [1706027219.9122415, 26.9]]}