{"cpu_usage": [[1706027113.150709, 40.6], [1706027114.155402, 13.4], [1706027115.16176, 11.2], [1706027116.1672251, 18.1], [1706027117.1715949, 8.9], [1706027118.1765373, 8.1], [1706027119.1811254, 9.0], [1706027120.185531, 11.1], [1706027121.1904771, 7.7], [1706027122.1951826, 8.6], [1706027123.20031, 7.1], [1706027124.2048652, 6.2], [1706027125.2093635, 7.0], [1706027126.2139525, 9.2], [1706027127.2185204, 7.7], [1706027128.2230296, 11.9], [1706027129.2279956, 7.3], [1706027130.2351189, 5.7], [1706027131.2440808, 13.0], [1706027132.2484632, 18.5], [1706027133.254209, 14.0], [1706027134.2590408, 8.2], [1706027135.2644358, 9.8], [1706027136.2691996, 8.9], [1706027137.2739322, 17.3], [1706027138.279056, 8.4], [1706027139.283805, 7.0], [1706027140.288565, 7.1], [1706027141.293869, 7.3], [1706027142.2979956, 6.0], [1706027143.3040302, 6.6], [1706027144.3089497, 8.8], [1706027145.3140926, 8.7], [1706027146.3182478, 6.4], [1706027147.328922, 7.0], [1706027148.3330863, 13.7], [1706027149.3397572, 51.7], [1706027150.3436494, 31.2]], "memory_usage": [[1706027113.150709, 26.7], [1706027114.155402, 26.9], [1706027115.16176, 27.9], [1706027116.1672251, 28.2], [1706027117.1715949, 28.6], [1706027118.1765373, 28.9], [1706027119.1811254, 29.2], [1706027120.185531, 29.3], [1706027121.1904771, 29.5], [1706027122.1951826, 29.6], [1706027123.20031, 29.7], [1706027124.2048652, 29.9], [1706027125.2093635, 30.3], [1706027126.2139525, 30.6], [1706027127.2185204, 30.4], [1706027128.2230296, 30.3], [1706027129.2279956, 30.2], [1706027130.2351189, 26.7], [1706027131.2440808, 27.0], [1706027132.2484632, 27.9], [1706027133.254209, 28.3], [1706027134.2590408, 28.6], [1706027135.2644358, 28.9], [1706027136.2691996, 29.1], [1706027137.2739322, 29.3], [1706027138.279056, 29.4], [1706027139.283805, 29.5], [1706027140.288565, 29.7], [1706027141.293869, 29.9], [1706027142.2979956, 30.4], [1706027143.3040302, 30.5], [1706027144.3089497, 30.5], [1706027145.3140926, 30.2], [1706027146.3182478, 30.2], [1706027147.328922, 27.0], [1706027148.3330863, 26.7], [1706027149.3397572, 27.2], [1706027150.3436494, 26.8]]}