{"cpu_usage": [[1706027075.8471153, 48.0], [1706027076.8519967, 12.1], [1706027077.8572173, 12.0], [1706027078.8622022, 18.5], [1706027079.867148, 9.5], [1706027080.8716605, 9.1], [1706027081.8766544, 10.5], [1706027082.8816946, 11.6], [1706027083.8860788, 9.8], [1706027084.8905594, 8.1], [1706027085.8964357, 8.9], [1706027086.90154, 7.3], [1706027087.9062426, 8.5], [1706027088.9115443, 9.6], [1706027089.9171078, 9.8], [1706027090.9216821, 12.2], [1706027091.9265902, 7.9], [1706027092.931353, 7.7], [1706027093.9396148, 13.9], [1706027094.9443128, 19.4], [1706027095.9497552, 11.0], [1706027096.9546134, 7.0], [1706027097.9596717, 8.3], [1706027098.9644694, 5.6], [1706027099.969729, 13.0], [1706027100.9741874, 9.1], [1706027101.978887, 7.5], [1706027102.9839118, 7.0], [1706027103.988854, 6.7], [1706027104.9935477, 6.2], [1706027105.999145, 8.5], [1706027107.00329, 8.2], [1706027108.0085084, 8.9], [1706027109.0132003, 6.7], [1706027110.0227733, 7.8], [1706027111.0409515, 37.3], [1706027112.0752518, 29.3]], "memory_usage": [[1706027075.8478003, 26.7], [1706027076.8519967, 26.9], [1706027077.8572173, 27.9], [1706027078.8622022, 28.3], [1706027079.867148, 28.6], [1706027080.8716605, 28.9], [1706027081.8766544, 29.2], [1706027082.8816946, 29.3], [1706027083.8860788, 29.5], [1706027084.8905594, 29.6], [1706027085.8964357, 29.7], [1706027086.9017026, 29.9], [1706027087.9062426, 30.1], [1706027088.9118314, 30.5], [1706027089.9171078, 30.6], [1706027090.9216821, 30.3], [1706027091.9265902, 30.3], [1706027092.931353, 26.7], [1706027093.9396148, 27.1], [1706027094.9443128, 27.9], [1706027095.9497552, 28.3], [1706027096.9546134, 28.6], [1706027097.9596717, 28.9], [1706027098.9644694, 29.1], [1706027099.969729, 29.3], [1706027100.9741874, 29.6], [1706027101.978887, 29.6], [1706027102.9839118, 29.8], [1706027103.988854, 29.9], [1706027104.9935477, 30.4], [1706027105.999145, 30.6], [1706027107.00329, 30.5], [1706027108.0085084, 30.2], [1706027109.0132003, 30.2], [1706027110.0227733, 26.6], [1706027111.0695367, 27.3], [1706027112.0837486, 27.2]]}