{"cpu_usage": [[1706027032.4087684, 9.0], [1706027033.4136071, 16.0], [1706027034.4178004, 10.6], [1706027035.4223409, 11.3], [1706027036.4274278, 8.1], [1706027037.4327908, 11.3], [1706027038.4371808, 12.2], [1706027039.442105, 13.5], [1706027040.4468923, 25.8], [1706027041.4524417, 15.4], [1706027042.4575899, 13.4], [1706027043.4624803, 11.6], [1706027044.4668524, 9.1], [1706027045.4729483, 17.4], [1706027046.478649, 10.5], [1706027047.483348, 8.9], [1706027048.488079, 7.0], [1706027049.4930222, 7.0], [1706027050.4974365, 9.3], [1706027051.5018542, 9.0], [1706027052.5074148, 10.3], [1706027053.5126746, 10.0], [1706027054.5173316, 5.1], [1706027055.5225966, 10.1], [1706027056.5270844, 18.8], [1706027057.5318956, 18.5], [1706027058.537663, 10.4], [1706027059.5426333, 8.4], [1706027060.5473611, 9.4], [1706027061.5528028, 12.1], [1706027062.557986, 9.3], [1706027063.5626087, 7.8], [1706027064.5674272, 9.0], [1706027065.5720365, 8.4], [1706027066.5765767, 7.8], [1706027067.5812523, 9.5], [1706027068.586318, 9.3], [1706027069.5918312, 11.9], [1706027070.5970345, 8.4], [1706027071.6011822, 4.1], [1706027072.6155374, 9.5], [1706027073.6300015, 27.4], [1706027074.8092191, 44.9]], "memory_usage": [[1706027032.4087684, 26.7], [1706027033.4136071, 26.9], [1706027034.4179413, 26.8], [1706027035.4223409, 26.9], [1706027036.4274278, 26.9], [1706027037.4327908, 26.9], [1706027038.4371808, 26.9], [1706027039.442105, 27.7], [1706027040.4468923, 28.2], [1706027041.4524417, 28.5], [1706027042.4575899, 28.8], [1706027043.4624803, 29.1], [1706027044.4668524, 29.3], [1706027045.4736197, 29.5], [1706027046.478649, 29.7], [1706027047.483348, 29.7], [1706027048.488079, 29.9], [1706027049.4930222, 30.0], [1706027050.4974365, 30.5], [1706027051.5018542, 30.6], [1706027052.5074148, 30.4], [1706027053.5126746, 30.2], [1706027054.5173316, 30.1], [1706027055.5225966, 26.7], [1706027056.5270844, 27.7], [1706027057.5318956, 28.1], [1706027058.537663, 28.5], [1706027059.5426333, 28.8], [1706027060.5473611, 29.1], [1706027061.5528028, 29.2], [1706027062.557986, 29.5], [1706027063.5626087, 29.5], [1706027064.5674272, 29.7], [1706027065.5720365, 29.8], [1706027066.5765767, 30.2], [1706027067.5812523, 30.6], [1706027068.586318, 30.4], [1706027069.5918312, 30.3], [1706027070.5970345, 30.2], [1706027071.6011822, 30.2], [1706027072.615743, 26.6], [1706027073.803033, 27.3], [1706027074.8092191, 26.8]]}