{"cpu_usage": [[1706097463.5145023, 9.3], [1706097464.5189455, 15.5], [1706097465.522842, 5.5], [1706097466.5300894, 5.5], [1706097467.5355313, 5.7], [1706097468.5415585, 12.2], [1706097469.5486841, 17.7], [1706097470.55381, 10.6], [1706097471.5587761, 10.6], [1706097472.562886, 9.2], [1706097473.568328, 10.7], [1706097474.5726738, 12.8], [1706097475.5774963, 93.8], [1706097476.5825825, 22.9], [1706097477.5865002, 6.8], [1706097478.5902815, 4.2], [1706097479.5939643, 4.3], [1706097480.5993967, 7.5], [1706097481.603475, 33.0], [1706097482.6088989, 51.6], [1706097483.6137612, 19.3], [1706097484.6174908, 7.6], [1706097485.6212451, 14.3], [1706097486.6255343, 5.4], [1706097487.6300993, 3.4], [1706097488.6425288, 12.4], [1706097489.647031, 15.0], [1706097490.6511676, 9.2], [1706097491.6552954, 7.2], [1706097492.6594577, 6.5], [1706097493.6639874, 5.3], [1706097494.6713278, 19.9], [1706097495.6782925, 76.5], [1706097496.6829507, 4.6], [1706097497.6872663, 4.4], [1706097498.6915498, 4.7], [1706097499.6953173, 4.4], [1706097500.69903, 5.4], [1706097501.703402, 6.5], [1706097502.7078702, 27.0], [1706097503.7127874, 4.9], [1706097504.7169678, 4.8], [1706097505.7214737, 13.5], [1706097506.7255921, 43.4], [1706097507.7305665, 40.2]], "memory_usage": [[1706097463.5145023, 23.6], [1706097464.5189455, 23.8], [1706097465.522842, 23.7], [1706097466.5300894, 23.7], [1706097467.5355313, 23.7], [1706097468.5415585, 24.4], [1706097469.5486841, 24.9], [1706097470.55381, 25.2], [1706097471.5587761, 25.5], [1706097472.562886, 25.9], [1706097473.568328, 26.1], [1706097474.5731668, 26.2], [1706097475.5774963, 26.9], [1706097476.5825825, 26.6], [1706097477.5865002, 26.7], [1706097478.5902815, 26.9], [1706097479.5939643, 27.1], [1706097480.5993967, 27.7], [1706097481.603475, 28.5], [1706097482.6088989, 28.7], [1706097483.6137612, 27.8], [1706097484.6174908, 27.9], [1706097485.6212451, 27.6], [1706097486.6255343, 27.6], [1706097487.6300993, 23.8], [1706097488.6425288, 24.6], [1706097489.647031, 25.0], [1706097490.6511676, 25.3], [1706097491.6552954, 25.6], [1706097492.6594577, 25.9], [1706097493.6639874, 26.2], [1706097494.6713278, 26.2], [1706097495.6782925, 26.6], [1706097496.6829507, 26.7], [1706097497.6872663, 26.8], [1706097498.6915498, 26.9], [1706097499.6953173, 27.4], [1706097500.69903, 27.7], [1706097501.703402, 27.6], [1706097502.7078702, 27.4], [1706097503.7127874, 27.4], [1706097504.7169678, 24.2], [1706097505.7214737, 23.8], [1706097506.7255921, 24.3], [1706097507.7335563, 24.4]]}